Learner g,Learner m,level,Coverage,CI Length,Bias,repetition
Lasso,Logistic Regression,0.9,0.851,0.4629932887103649,0.12382490785096743,1000
Lasso,Logistic Regression,0.95,0.916,0.5516905310522459,0.12382490785096743,1000
Lasso,Random Forest,0.9,0.906,0.6086542409183961,0.14783574614301512,1000
Lasso,Random Forest,0.95,0.954,0.7252562609164108,0.14783574614301512,1000
Random Forest,Logistic Regression,0.9,0.807,0.503397122261521,0.14368373203795143,1000
Random Forest,Logistic Regression,0.95,0.89,0.5998346681961605,0.14368373203795143,1000
Random Forest,Random Forest,0.9,0.901,0.6402061078743562,0.15340996943583737,1000
Random Forest,Random Forest,0.95,0.958,0.7628526292895011,0.15340996943583737,1000
