Learner g,Learner m,level,Coverage,CI Length,Bias,Coverage (Lower),Coverage (Upper),RV,RVa,Bias (Lower),Bias (Upper),repetition
LGBM,LGBM,0.9,0.04,0.38332546970018705,0.4378734637093266,1.0,1.0,0.04152888107447682,0.027273872579079993,0.6545494874617178,1.530296414880371,100
LGBM,LGBM,0.95,0.05,0.45676046953899074,0.4378734637093266,1.0,1.0,0.04152888107447682,0.02337572870348968,0.6545494874617178,1.530296414880371,100
LGBM,Random Forest,0.9,0.01,0.3615054608840926,0.4424005155648949,1.0,1.0,0.041486482705723714,0.028155512827156882,0.6606693693776071,1.545470400507397,100
LGBM,Random Forest,0.95,0.03,0.43076032537956566,0.4424005155648949,1.0,1.0,0.041486482705723714,0.024445273809901642,0.6606693693776071,1.545470400507397,100
Random Forest,LGBM,0.9,0.63,0.9998360676744723,0.4354705462071943,1.0,1.0,0.015290248621559891,0.0030458078684740815,2.5409581320155685,3.411899224429957,100
Random Forest,LGBM,0.95,0.84,1.1913781572881148,0.4354705462071943,1.0,1.0,0.015290248621559891,0.0012414946920030145,2.5409581320155685,3.411899224429957,100
Random Forest,Random Forest,0.9,0.58,0.9504714546856757,0.43966150644937846,1.0,1.0,0.015261938580055279,0.0038045101020526373,2.5706170885997897,3.4484386957708106,100
Random Forest,Random Forest,0.95,0.77,1.132556592874436,0.43966150644937846,1.0,1.0,0.015261938580055279,0.0018193133403901995,2.5706170885997897,3.4484386957708106,100
