Learner g,Learner m,level,Coverage,CI Length,Bias,Uniform Coverage,Uniform CI Length,repetition
LGBM,LGBM,0.9,0.9356475000000001,0.6670555194228769,0.14829471742220565,1.0,1.689294724011131,1000
LGBM,LGBM,0.95,0.9723379999999999,0.7948456764390677,0.14829471742220565,1.0,1.6897571332817831,1000
LGBM,Logistic Regression,0.9,0.88901,0.2354837801026724,0.058533487723172004,0.996,0.5958243748420811,1000
LGBM,Logistic Regression,0.95,0.941967,0.28059623080261126,0.058533487723172004,0.996,0.5991784239747299,1000
Lasso,LGBM,0.9,0.896289,0.6428742805642969,0.1582933316754096,1.0,1.6320898187101593,1000
Lasso,LGBM,0.95,0.9491539999999999,0.7660319531461224,0.1582933316754096,1.0,1.6337799284392314,1000
Lasso,Logistic Regression,0.9,0.8890035000000001,0.24744939014500825,0.061666438626420406,0.998,0.6300049969522241,1000
Lasso,Logistic Regression,0.95,0.9415205,0.29485413457700044,0.061666438626420406,0.997,0.6290083873429386,1000
