Learner g,Learner m,level,Coverage,CI Length,Bias,Coverage (Lower),Coverage (Upper),RV,RVa,Bias (Lower),Bias (Upper),repetition
LGBM,LGBM,0.9,0.95,0.9756917659018967,0.19600241554129533,1.0,1.0,0.07691291660953531,0.002565284476728395,0.2338164365545206,0.39668785811909374,20
LGBM,LGBM,0.95,1.0,1.162608447247824,0.19600241554129533,1.0,1.0,0.07691291660953531,6.197834463718386e-05,0.2338164365545206,0.39668785811909374,20
LGBM,Random Forest,0.9,0.95,0.9624780080556959,0.20895900272408124,1.0,1.0,0.08254688830611771,0.0031250486965373413,0.3274394618895218,0.3273205070934087,20
LGBM,Random Forest,0.95,0.95,1.146863283632879,0.20895900272408124,1.0,1.0,0.08254688830611771,0.0021800011140181686,0.3274394618895218,0.3273205070934087,20
Random Forest,LGBM,0.9,1.0,1.8189500604271625,0.30562086211141554,1.0,1.0,0.03939488633627944,0.0012103936119748882,0.6348936022033176,1.0663348109575383,20
Random Forest,LGBM,0.95,1.0,2.1674126801918603,0.30562086211141554,1.0,1.0,0.03939488633627944,4.453275919517602e-06,0.6348936022033176,1.0663348109575383,20
Random Forest,Random Forest,0.9,0.85,1.7496269221657699,0.5117590624680555,1.0,1.0,0.0681845211203558,0.007807119967161771,1.2471987568971479,0.6140376538733645,20
Random Forest,Random Forest,0.95,1.0,2.0848090660700134,0.5117590624680555,1.0,1.0,0.0681845211203558,0.0015807654411864945,1.2471987568971479,0.6140376538733645,20
