Learner g,Learner m,level,Coverage,CI Length,Bias,Uniform Coverage,Uniform CI Length,repetition
LGBM,LGBM,0.9,0.941,2.1611526373873855,0.48511146422993706,1.0,5.063646757352436,1000
LGBM,LGBM,0.95,0.9766666666666667,2.5751722007164304,0.48511146422993706,1.0,5.085406768554818,1000
LGBM,Logistic Regression,0.9,0.9156666666666666,0.39061884706593103,0.08857855786869118,0.997,0.9190692140582338,1000
LGBM,Logistic Regression,0.95,0.9603333333333334,0.4654510646948717,0.08857855786869118,0.998,0.92020092143665,1000
Lasso,LGBM,0.9,0.9043333333333333,2.047596498760145,0.49693265710872336,1.0,4.807194790243196,1000
Lasso,LGBM,0.95,0.959,2.43986171576749,0.49693265710872336,1.0,4.819825928994352,1000
Lasso,Logistic Regression,0.9,0.918,0.4010443918044272,0.08989659096093053,0.999,0.9418220742966933,1000
Lasso,Logistic Regression,0.95,0.9603333333333334,0.477873867473095,0.08989659096093053,0.999,0.94055744528804,1000
