Learner g,Learner m,level,Coverage,CI Length,Bias,Coverage (Lower),Coverage (Upper),RV,RVa,Bias (Lower),Bias (Upper),repetition
LGBM,LGBM,0.9,0.9,0.38199589235312764,0.09507894559419477,1.0,1.0,0.027658851368724986,0.003487466705555444,0.43556987696698296,0.31265160945204623,20
LGBM,LGBM,0.95,0.9,0.4551761804130782,0.09507894559419477,1.0,1.0,0.027658851368724986,0.0020532904722531894,0.43556987696698296,0.31265160945204623,20
LGBM,Random Forest,0.9,0.5,0.31964156015712814,0.16547888357554755,1.0,1.0,0.0465866643428164,0.016409504300857296,0.5426590391521833,0.2186349471745801,20
LGBM,Random Forest,0.95,0.6,0.380876410888473,0.16547888357554755,1.0,1.0,0.0465866643428164,0.010294230716135121,0.5426590391521833,0.2186349471745801,20
Random Forest,LGBM,0.9,0.8,1.072410280176743,0.4187828435243496,1.0,1.0,0.040166084566721286,0.006385789921639191,1.5448244460918947,0.7072587590431954,20
Random Forest,LGBM,0.95,0.95,1.2778556653047013,0.4187828435243496,1.0,1.0,0.040166084566721286,0.0018431614329573174,1.5448244460918947,0.7072587590431954,20
Random Forest,Random Forest,0.9,0.1,0.9331705010916729,0.8561995773438749,1.0,1.0,0.07862490059497687,0.04627620008607554,2.0057246421973973,0.3406329800478697,20
Random Forest,Random Forest,0.95,0.2,1.1119412351387505,0.8561995773438749,1.0,1.0,0.07862490059497687,0.0372797683033743,2.0057246421973973,0.3406329800478697,20
