Learner g,Learner m,level,Coverage,CI Length,Bias,Coverage (Lower),Coverage (Upper),RV,RVa,Bias (Lower),Bias (Upper),repetition
LGBM,LGBM,0.9,0.0,0.08185376415733046,0.09930441985028234,0.636,1.0,0.137165338284368,0.09537530016865801,0.028017609245706787,0.17059123045485786,500
LGBM,LGBM,0.95,0.0,0.09753477581147488,0.09930441985028234,0.896,1.0,0.137165338284368,0.08314476889240842,0.028017609245706787,0.17059123045485786,500
LGBM,Logistic Regr.,0.9,0.0,0.08088549606315942,0.08151353221013875,0.98,1.0,0.11653175108923829,0.07317414031145662,0.013257586725050518,0.1511934788831038,500
LGBM,Logistic Regr.,0.95,0.0,0.09638101321469489,0.08151353221013875,1.0,1.0,0.11653175108923829,0.06049168014430972,0.013257586725050518,0.1511934788831038,500
Linear Reg.,LGBM,0.9,0.0,0.08297514338435642,0.09841434944308639,0.732,1.0,0.13344414349102635,0.09180822721516174,0.02564518860896664,0.1711925146798599,500
Linear Reg.,LGBM,0.95,0.0,0.09887098157590866,0.09841434944308639,0.952,1.0,0.13344414349102635,0.07961926939014252,0.02564518860896664,0.1711925146798599,500
Linear Reg.,Logistic Regr.,0.9,1.0,0.08179958249920156,0.012622522558347813,1.0,1.0,0.01856818284732304,0.00011062783975240701,0.06028651258080997,0.08203011213377748,500
Linear Reg.,Logistic Regr.,0.95,1.0,0.0974702143837495,0.012622522558347813,1.0,1.0,0.01856818284732304,4.800551202395767e-06,0.06028651258080997,0.08203011213377748,500
