Learner g,Learner m,level,Coverage,CI Length,Bias,repetition
Boosting,Boosting,0.9,1.0,3.822825303597744,0.32451084860322593,100
Boosting,Boosting,0.95,1.0,4.555177306643729,0.32451084860322593,100
Boosting,Random Forest,0.9,1.0,3.557527231307442,0.2184068120744695,100
Boosting,Random Forest,0.95,1.0,4.239055155507033,0.2184068120744695,100
Random Forest,Boosting,0.9,1.0,4.149000496930721,0.40918352975862066,100
Random Forest,Boosting,0.95,1.0,4.943839021648646,0.40918352975862066,100
Random Forest,Random Forest,0.9,1.0,3.7003264489260954,0.26074491580365333,100
Random Forest,Random Forest,0.95,1.0,4.409210918285624,0.26074491580365333,100
