Learner g,Learner m,level,Coverage,CI Length,Bias,repetition
LGBM,LGBM,0.9,0.9666666666666666,0.25121676475034127,0.0481179470051077,10
LGBM,LGBM,0.95,1.0,0.29934323830132925,0.0481179470051077,10
LGBM,Logistic Regression,0.9,1.0,0.2303953141022627,0.04640096679210931,10
LGBM,Logistic Regression,0.95,1.0,0.2745329495878301,0.04640096679210931,10
Lasso,LGBM,0.9,1.0,0.2586666577818203,0.0459578609190492,10
Lasso,LGBM,0.95,1.0,0.3082203333760058,0.0459578609190492,10
Lasso,Logistic Regression,0.9,1.0,0.22985182339502788,0.04872746478531018,10
Lasso,Logistic Regression,0.95,1.0,0.27388534046647217,0.04872746478531018,10
