Learner g,Learner m,level,Coverage,CI Length,Bias,repetition
LGBM,LGBM,0.9,0.8846153846153847,0.5803991371737874,0.14898073862655795,100
LGBM,LGBM,0.95,0.9346153846153846,0.691588228204276,0.14898073862655795,100
LGBM,Logistic Regression,0.9,0.816923076923077,0.38662914547153465,0.11429491420181902,100
LGBM,Logistic Regression,0.95,0.8876923076923078,0.46069704202321815,0.11429491420181902,100
Lasso,LGBM,0.9,0.8861538461538462,0.5880689688176449,0.150900380571308,100
Lasso,LGBM,0.95,0.9423076923076923,0.7007273962999244,0.150900380571308,100
Lasso,Logistic Regression,0.9,0.8346153846153846,0.389465065034682,0.11144256511199092,100
Lasso,Logistic Regression,0.95,0.9084615384615385,0.4640762486077719,0.11144256511199092,100
