Learner g,Learner m,level,Coverage,CI Length,Bias,repetition
LGBM,LGBM,0.9,0.9666666666666666,0.57137943109825,0.11638981703363097,10
LGBM,LGBM,0.95,0.9666666666666666,0.6808405855146618,0.11638981703363097,10
LGBM,Logistic Regression,0.9,0.9,0.39860656148828777,0.11544018865898036,10
LGBM,Logistic Regression,0.95,0.9,0.4749690134838021,0.11544018865898036,10
Lasso,LGBM,0.9,0.9,0.5847574926351304,0.14894721496288635,10
Lasso,LGBM,0.95,0.9333333333333333,0.6967815290525027,0.14894721496288635,10
Lasso,Logistic Regression,0.9,0.8333333333333333,0.3901422832259387,0.11941489038174913,10
Lasso,Logistic Regression,0.95,0.8333333333333333,0.4648832038546035,0.11941489038174913,10
