Learner g,Learner m,level,Coverage,CI Length,Bias,repetition
LGBM,LGBM,0.9,0.9146153846153847,0.2504140311507047,0.05866922783794271,100
LGBM,LGBM,0.95,0.963076923076923,0.29838672222069546,0.05866922783794271,100
LGBM,Logistic Regression,0.9,0.9115384615384616,0.22954686785044395,0.05398166840154616,100
LGBM,Logistic Regression,0.95,0.9638461538461539,0.2735219635224835,0.05398166840154616,100
Logistic Regression,LGBM,0.9,0.9192307692307692,0.25413656839893206,0.05939142439164523,100
Logistic Regression,LGBM,0.95,0.9584615384615386,0.30282239893872454,0.05939142439164523,100
Logistic Regression,Logistic Regression,0.9,0.8992307692307692,0.2310614899282283,0.05692778821988002,100
Logistic Regression,Logistic Regression,0.95,0.9561538461538461,0.27532674704486204,0.05692778821988002,100
