Learner g,Learner m,level,Coverage,CI Length,Bias,Uniform Coverage,Uniform CI Length,repetition
LGBM,LGBM,0.9,0.8815384615384616,0.6176198170058091,0.15503968011205324,0.92,1.0306891603489552,100
LGBM,LGBM,0.95,0.9415384615384617,0.7359394037469074,0.15503968011205324,0.91,1.030643062502124,100
LGBM,Logistic Regression,0.9,0.8353846153846153,0.42624780765118786,0.12267553789056723,0.85,0.7153189921259449,100
LGBM,Logistic Regression,0.95,0.9115384615384616,0.5079055897720509,0.12267553789056723,0.84,0.7149367142364066,100
Logistic Regression,LGBM,0.9,0.8938461538461538,0.6287595450131811,0.15903526299745757,0.92,1.0343230826002536,100
Logistic Regression,LGBM,0.95,0.946923076923077,0.7492132083786829,0.15903526299745757,0.92,1.0292358800460069,100
Logistic Regression,Logistic Regression,0.9,0.8461538461538461,0.43448575052717026,0.12335696852220454,0.87,0.7190077265145082,100
Logistic Regression,Logistic Regression,0.95,0.9146153846153847,0.5177217041539418,0.12335696852220454,0.86,0.7198530010371471,100
