Learner g,Learner m,level,Coverage,CI Length,Bias,Uniform Coverage,Uniform CI Length,repetition
LGBM,LGBM,0.9,0.8815384615384616,0.6176198170058089,0.15510914583515836,0.92,1.0306891603489552,100
LGBM,LGBM,0.95,0.9407692307692308,0.7359394037469074,0.15510914583515836,0.91,1.030643062502124,100
LGBM,Logistic Regression,0.9,0.8369230769230769,0.4262478076511877,0.12273704430371804,0.84,0.7153189921259449,100
LGBM,Logistic Regression,0.95,0.9130769230769231,0.5079055897720509,0.12273704430371804,0.84,0.7149367142364066,100
Lasso,LGBM,0.9,0.8923076923076922,0.628759545013181,0.15914621125584028,0.92,1.0343230826002534,100
Lasso,LGBM,0.95,0.9476923076923077,0.7492132083786829,0.15914621125584028,0.91,1.029235880046007,100
Lasso,Logistic Regression,0.9,0.8461538461538461,0.4344857505271701,0.1234491936234758,0.87,0.7190077265145082,100
Lasso,Logistic Regression,0.95,0.9146153846153847,0.5177217041539418,0.1234491936234758,0.86,0.7198530010371472,100
