Learner m,Learner M,Learner t,Score,level,Tuned,Coverage,CI Length,Bias,Loss M,Loss a,Loss m,repetition
LGBM Regr.,LGBM Clas.,LGBM Regr.,instrument,0.9,False,0.89,0.9503738196199937,0.27958957834627335,0.7313248611019764,0.3524379916385648,0.3761979381237934,100
LGBM Regr.,LGBM Clas.,LGBM Regr.,instrument,0.9,True,0.86,0.7888791069378829,0.2131544006122909,0.6305442473961151,0.33110728634697295,0.335336012157393,100
LGBM Regr.,LGBM Clas.,LGBM Regr.,instrument,0.95,False,0.92,1.1324402535180162,0.27958957834627335,0.7313248611019764,0.3524379916385648,0.3761979381237934,100
LGBM Regr.,LGBM Clas.,LGBM Regr.,instrument,0.95,True,0.92,0.9400074343514756,0.2131544006122909,0.6305442473961151,0.33110728634697295,0.335336012157393,100
LGBM Regr.,LGBM Clas.,LGBM Regr.,nuisance_space,0.9,False,0.89,0.8105540967664803,0.19761923280521046,0.7266071266302078,0.35476756729034437,0.479148010505746,100
LGBM Regr.,LGBM Clas.,LGBM Regr.,nuisance_space,0.9,True,0.87,0.6815753718036465,0.20220182977401963,0.6305431158253273,0.3305870433409719,0.46869360133810006,100
LGBM Regr.,LGBM Clas.,LGBM Regr.,nuisance_space,0.95,False,0.94,0.9658347777291706,0.19761923280521046,0.7266071266302078,0.35476756729034437,0.479148010505746,100
LGBM Regr.,LGBM Clas.,LGBM Regr.,nuisance_space,0.95,True,0.91,0.8121471476829805,0.20220182977401963,0.6305431158253273,0.3305870433409719,0.46869360133810006,100
