Learner g,Learner m,level,Coverage,CI Length,Bias,Uniform Coverage,Uniform CI Length,repetition
LGBM,LGBM,0.9,0.4955833333333333,0.24875250143678437,0.12974097301987017,0.6666666666666666,0.6218087871322212,6
LGBM,LGBM,0.95,0.6059166666666667,0.2964068874529279,0.12974097301987017,0.8333333333333334,0.6384623394231899,6
LGBM,Lasso,0.9,0.89575,0.3457285730450664,0.08500669874197282,1.0,0.8635562065997054,6
LGBM,Lasso,0.95,0.9491666666666667,0.41196100400169344,0.08500669874197282,1.0,0.8830338644664951,6
Lasso,LGBM,0.9,0.05325,0.3069094126148398,0.5074946924112108,0.0,0.7678124598216266,6
Lasso,LGBM,0.95,0.07616666666666667,0.36570512134644534,0.5074946924112108,0.0,0.7685030061151856,6
Lasso,Lasso,0.9,0.9369999999999999,0.20207998522326076,0.04518373611573224,1.0,0.5235247909883581,6
Lasso,Lasso,0.95,0.9748333333333333,0.24079315420183736,0.04518373611573224,1.0,0.5098819597221108,6
