Learner g,Learner m,Score,level,Tuned,Coverage,CI Length,Bias,repetition
LGBM Regr.,LGBM Regr.,partialling out,0.9,False,0.81,0.1479047026981892,0.04545068026009308,500
LGBM Regr.,LGBM Regr.,partialling out,0.9,True,0.894,0.1451364370890545,0.037424408565466506,500
LGBM Regr.,LGBM Regr.,partialling out,0.95,False,0.898,0.17623932347696217,0.04545068026009308,500
LGBM Regr.,LGBM Regr.,partialling out,0.95,True,0.942,0.1729407315508218,0.037424408565466506,500
