Learner g,Learner m,level,Coverage,CI Length,Bias,Uniform Coverage,Uniform CI Length,repetition
LGBM,LGBM,0.9,0.7407407407407407,0.4264131651236665,0.14706302868714763,0.9444444444444444,0.98833208058701,18
LGBM,LGBM,0.95,0.7777777777777778,0.5081026253534073,0.14706302868714763,0.9444444444444444,0.9808147535050864,18
LGBM,Lasso,0.9,0.8518518518518517,0.6389172200047413,0.18062743440329607,1.0,1.5246311572450255,18
LGBM,Lasso,0.95,0.9074074074074073,0.7613168246664247,0.18062743440329607,1.0,1.463237803722289,18
Lasso,LGBM,0.9,0.05555555555555555,0.5046332992484087,0.6936340397619574,0.0,1.2117842022030096,18
Lasso,LGBM,0.95,0.05555555555555555,0.6013076639284965,0.6936340397619574,0.0,1.1879059117047528,18
Lasso,Lasso,0.9,0.9814814814814815,0.36886221266845687,0.07013956313518031,1.0,0.8662632933274695,18
Lasso,Lasso,0.95,0.9814814814814815,0.43952643581291656,0.07013956313518031,1.0,0.8404387357639469,18
