Learner g,Learner m,Score,level,Tuned,Coverage,CI Length,Bias,Loss g,Loss m,repetition
LGBM Regr.,LGBM Regr.,partialling out,0.9,False,0.805,0.14733663739723357,0.04709716445165978,1.2426113404810248,1.1115356809360686,200
LGBM Regr.,LGBM Regr.,partialling out,0.9,True,0.845,0.14434980329449199,0.03915064046361367,1.1704317749756923,1.06174632188426,200
LGBM Regr.,LGBM Regr.,partialling out,0.95,False,0.87,0.17556243192108348,0.04709716445165978,1.2426113404810248,1.1115356809360686,200
LGBM Regr.,LGBM Regr.,partialling out,0.95,True,0.895,0.17200339957118416,0.03915064046361367,1.1704317749756923,1.06174632188426,200
