Learner g,Learner m,level,Coverage,CI Length,Bias,Uniform Coverage,Uniform CI Length,repetition
LGBM,LGBM,0.9,0.548837,0.24645987587973475,0.11702632069330975,0.838,0.6259964209606882,1000
LGBM,LGBM,0.95,0.6519645000000001,0.29367505560587087,0.11702632069330975,0.831,0.6258576065111882,1000
LGBM,Lasso,0.9,0.8638669999999999,0.33911313826395484,0.09124937236613799,0.996,0.8623254691407899,1000
LGBM,Lasso,0.95,0.9212285,0.40407822726059023,0.09124937236613799,0.995,0.8610181300321831,1000
Lasso,LGBM,0.9,0.0416435,0.3017482613643098,0.4961073439476889,0.0,0.7663971451030848,1000
Lasso,LGBM,0.95,0.053314,0.359555230314165,0.4961073439476889,0.0,0.7663491956301145,1000
Lasso,Lasso,0.9,0.891967,0.20515299517628052,0.050477626432069274,0.999,0.520241144704702,1000
Lasso,Lasso,0.95,0.944044,0.24445487141081157,0.050477626432069274,0.998,0.5231019747390456,1000
