Learner g,Learner m,level,Coverage,CI Length,Bias,Uniform Coverage,Uniform CI Length,repetition
LGBM,LGBM,0.9,0.48214285714285715,0.24752646175522933,0.13106509973133001,0.7142857142857143,0.6335493235110051,7
LGBM,LGBM,0.95,0.5841428571428572,0.2949459710649339,0.13106509973133001,0.7142857142857143,0.6316593401549134,7
LGBM,Lasso,0.9,0.8926428571428572,0.34478218365044294,0.08898478556076642,1.0,0.8608692067162756,7
LGBM,Lasso,0.95,0.9406428571428572,0.4108333114833929,0.08898478556076642,1.0,0.8899919126229552,7
Lasso,LGBM,0.9,0.053642857142857145,0.305397327137516,0.5043143562734558,0.0,0.7899185179030697,7
Lasso,LGBM,0.95,0.07464285714285714,0.3639033603699423,0.5043143562734558,0.0,0.7658555529095882,7
Lasso,Lasso,0.9,0.9165714285714286,0.20171517331456346,0.04647488595847552,1.0,0.516508459603838,7
Lasso,Lasso,0.95,0.9585714285714285,0.240358454000882,0.04647488595847552,1.0,0.5108773288575242,7
