Learner g,Learner m,level,Tuned,Coverage,CI Length,Bias,Uniform Coverage,Uniform CI Length,repetition
LGBM Regr.,LGBM Clas.,0.9,False,0.915,37.253979808129365,8.903634313073434,0.95,44.16923532073818,200
LGBM Regr.,LGBM Clas.,0.9,True,0.835,4.834836017081165,1.3591722777708926,0.815,5.703081839207788,200
LGBM Regr.,LGBM Clas.,0.95,False,0.98,44.39085491153563,8.903634313073434,0.985,50.67060073707776,200
LGBM Regr.,LGBM Clas.,0.95,True,0.915,5.761062449185174,1.3591722777708926,0.895,6.546100271377481,200
