Learner g,Learner m,level,Coverage,CI Length,Bias,Uniform Coverage,Uniform CI Length,repetition
LGBM Regr.,LGBM Clas.,0.9,0.9666666666666666,24.23829065815574,5.364818286446242,1.0,30.821279617475888,10
LGBM Regr.,LGBM Clas.,0.95,1.0,28.88170470514485,5.364818286446242,1.0,34.908362344740716,10
LGBM Regr.,Logistic,0.9,0.9333333333333333,6.661576667942033,1.3024704354536263,1.0,8.197479425135544,10
LGBM Regr.,Logistic,0.95,1.0,7.937758190445909,1.3024704354536263,1.0,9.401107266465424,10
Linear,LGBM Clas.,0.9,1.0,7.396692188822489,1.5391733226732347,1.0,9.104167961217458,10
Linear,LGBM Clas.,0.95,1.0,8.813702360671227,1.5391733226732347,1.0,10.378182198628407,10
Linear,Logistic,0.9,0.9666666666666666,5.385540707553376,1.002895084709317,0.9,5.849824289521431,10
Linear,Logistic,0.95,1.0,6.417267561760002,1.002895084709317,1.0,6.847571899501526,10
