Learner g,Learner m,level,Coverage,CI Length,Bias,Uniform Coverage,Uniform CI Length,repetition
LGBM Regr.,LGBM Clas.,0.9,0.908,33.52458756996381,8.669768972982405,0.912,39.69038177637447,1000
LGBM Regr.,LGBM Clas.,0.95,0.956,39.947009969189665,8.669768972982405,0.963,45.539207400880635,1000
LGBM Regr.,Logistic,0.9,0.942,5.418376815341814,1.1177578246481668,0.951,6.413959977441442,1000
LGBM Regr.,Logistic,0.95,0.975,6.456394197469891,1.1177578246481668,0.979,7.3596604350528905,1000
Linear,LGBM Clas.,0.9,0.958,6.645789732664919,1.3068883576166876,0.968,7.873338052971561,1000
Linear,LGBM Clas.,0.95,0.9845,7.918946896807132,1.3068883576166876,0.989,9.033483053185353,1000
Linear,Logistic,0.9,0.896,1.1481321709355257,0.2853591542610903,0.885,1.357216597612154,1000
Linear,Logistic,0.95,0.9435,1.368083863301598,0.2853591542610903,0.932,1.5583287806380506,1000
