Learner g,Learner m,level,Tuned,Coverage,CI Length,Bias,Uniform Coverage,Uniform CI Length,repetition
LGBM Regr.,LGBM Clas.,0.9,False,0.93,27.82005877126217,6.439524063849977,0.96,35.676118532942496,200
LGBM Regr.,LGBM Clas.,0.9,True,0.885,6.300962875030208,1.5916287837149021,0.88,7.710244822536492,200
LGBM Regr.,LGBM Clas.,0.95,False,0.9766666666666667,33.14964465289176,6.439524063849977,0.975,40.33245838311548,200
LGBM Regr.,LGBM Clas.,0.95,True,0.9466666666666668,7.50806035298818,1.5916287837149021,0.94,8.829514768318946,200
