Learner g,Learner m,level,Tuned,Coverage,CI Length,Bias,Uniform Coverage,Uniform CI Length,Loss g_control,Loss g_treated,Loss m,repetition
LGBM Regr.,LGBM Clas.,0.9,False,0.9133333333333333,28.052950188600192,7.055413388225961,0.945,35.926212976449165,10.231838281825558,13.632270699354638,0.7977017509425842,200
LGBM Regr.,LGBM Clas.,0.9,True,0.8866666666666667,6.138357605002483,1.524949927232772,0.865,7.417779175659066,9.74905255354395,11.553230793169227,0.6041491925910187,200
LGBM Regr.,LGBM Clas.,0.95,False,0.9766666666666667,33.42715189293536,7.055413388225961,0.98,40.556851028772705,10.231838281825558,13.632270699354638,0.7977017509425842,200
LGBM Regr.,LGBM Clas.,0.95,True,0.945,7.31430422312426,1.524949927232772,0.94,8.537534779534262,9.74905255354395,11.553230793169227,0.6041491925910187,200
