Learner g,Learner m,level,Coverage,CI Length,Bias,Uniform Coverage,Uniform CI Length,repetition
LGBM Regr.,LGBM Clas.,0.9,0.911,25.33383305218413,6.362966930836552,0.937,32.467609705425545,1000
LGBM Regr.,LGBM Clas.,0.95,0.9613333333333334,30.1871239841916,6.362966930836552,0.975,36.70233354816845,1000
LGBM Regr.,Logistic,0.9,0.9023333333333333,6.668208361349107,1.5732731164170273,0.905,8.201551480986833,1000
LGBM Regr.,Logistic,0.95,0.9503333333333334,7.945660340534777,1.5732731164170273,0.954,9.38621417059308,1000
Linear,LGBM Clas.,0.9,0.916,7.5097289653187325,1.7065530275498664,0.928,9.289774829157478,1000
Linear,LGBM Clas.,0.95,0.9626666666666667,8.94839398747072,1.7065530275498664,0.965,10.610827335816024,1000
Linear,Logistic,0.9,0.8946666666666666,5.395004545334627,1.319774939600406,0.887,5.817098751565451,1000
Linear,Logistic,0.95,0.9476666666666667,6.428544420018306,1.319774939600406,0.945,6.848624032317537,1000
