Learner g,Learner m,level,Coverage,CI Length,Bias,Uniform Coverage,Uniform CI Length,repetition
LGBM Regr.,LGBM Clas.,0.9,0.9203333333333333,25.45613129678526,6.166381695751374,0.946,32.623943884889655,1000
LGBM Regr.,LGBM Clas.,0.95,0.9643333333333334,30.3328513309069,6.166381695751374,0.986,36.86913655114933,1000
LGBM Regr.,Logistic,0.9,0.917,6.627738366241373,1.5016545559757806,0.92,8.149255859131907,1000
LGBM Regr.,Logistic,0.95,0.9596666666666667,7.897437367033678,1.5016545559757806,0.959,9.320000315514479,1000
Linear,LGBM Clas.,0.9,0.9376666666666666,7.5134083953879935,1.6006918303560986,0.951,9.29091412660083,1000
Linear,LGBM Clas.,0.95,0.974,8.952778298816861,1.6006918303560986,0.974,10.609555760885549,1000
Linear,Logistic,0.9,0.915,5.39079994210578,1.2559293498489636,0.914,5.8155441975859725,1000
Linear,Logistic,0.95,0.96,6.423534326255072,1.2559293498489636,0.959,6.833558835632949,1000
