Learner g,Learner m,level,Coverage,CI Length,Bias,Uniform Coverage,Uniform CI Length,repetition
LGBM Regr.,LGBM Clas.,0.9,0.95,31.91721104409269,7.529968087228317,1.0,37.4636413071499,10
LGBM Regr.,LGBM Clas.,0.95,1.0,38.03170270495524,7.529968087228317,1.0,43.241464165962284,10
LGBM Regr.,Logistic,0.9,0.95,5.304714488934599,1.027836049470268,0.9,6.251613923340696,10
LGBM Regr.,Logistic,0.95,1.0,6.320957181976872,1.027836049470268,1.0,7.198738181726997,10
Linear,LGBM Clas.,0.9,1.0,6.438241354759464,1.314536189350619,1.0,7.653944769218363,10
Linear,LGBM Clas.,0.95,1.0,7.671637750826568,1.314536189350619,1.0,8.702704094524151,10
Linear,Logistic,0.9,0.85,1.1652765429848944,0.3017518264953267,0.9,1.3833080428519742,10
Linear,Logistic,0.95,0.95,1.388512642618938,0.3017518264953267,0.9,1.5824304649513923,10
