Learner g,Learner m,level,Coverage,CI Length,Bias,Uniform Coverage,Uniform CI Length,repetition
LGBM Regr.,LGBM Clas.,0.9,0.9216666666666666,25.302332120467288,6.206005134767613,0.926,32.42413576207192,1000
LGBM Regr.,LGBM Clas.,0.95,0.9623333333333334,30.149588308899382,6.206005134767613,0.975,36.66314428285753,1000
LGBM Regr.,Logistic,0.9,0.9166666666666666,6.604807969876808,1.492507532099351,0.925,8.124328671640002,1000
LGBM Regr.,Logistic,0.95,0.963,7.870114114502647,1.492507532099351,0.963,9.2992358185068,1000
Linear,LGBM Clas.,0.9,0.927,7.536037974003498,1.6449388088327628,0.936,9.335529567192953,1000
Linear,LGBM Clas.,0.95,0.968,8.979743104891375,1.6449388088327628,0.974,10.660074664816488,1000
Linear,Logistic,0.9,0.9056666666666666,5.378673132414481,1.2747688188643604,0.907,5.79782063135373,1000
Linear,Logistic,0.95,0.9536666666666667,6.409084341251623,1.2747688188643604,0.953,6.82033780870828,1000
