Learner g,Learner m,level,Coverage,CI Length,Bias,Uniform Coverage,Uniform CI Length,repetition
LGBM Regr.,LGBM Clas.,0.9,0.8985,33.60313998768328,8.62676858480036,0.915,39.77456075827479,1000
LGBM Regr.,LGBM Clas.,0.95,0.959,40.040610948088954,8.62676858480036,0.972,45.62380258315557,1000
LGBM Regr.,Logistic,0.9,0.942,5.3683923473672825,1.1064466312245236,0.949,6.347349786459089,1000
LGBM Regr.,Logistic,0.95,0.975,6.396834030284652,1.1064466312245236,0.98,7.289008003904023,1000
Linear,LGBM Clas.,0.9,0.963,6.610619627981532,1.2930291385928911,0.97,7.817833271049541,1000
Linear,LGBM Clas.,0.95,0.9845,7.877039132260507,1.2930291385928911,0.989,8.965895782069206,1000
Linear,Logistic,0.9,0.88,1.1440244887213769,0.29717144124251454,0.862,1.3513672686392388,1000
Linear,Logistic,0.95,0.9335,1.3631892580505587,0.29717144124251454,0.938,1.551247330789396,1000
