Learner g,Learner m,level,Coverage,CI Length,Bias,repetition
LGBM,LGBM,0.9,0.9323076923076923,0.1908311409902022,0.04358145932430658,100
LGBM,LGBM,0.95,0.9776923076923077,0.22738932956769187,0.04358145932430658,100
LGBM,Logistic Regression,0.9,0.9130769230769231,0.17764550716816235,0.04414608757632295,100
LGBM,Logistic Regression,0.95,0.963076923076923,0.21167767779450106,0.04414608757632295,100
Linear,LGBM,0.9,0.9292307692307692,0.21584587388672186,0.047457925834839765,100
Linear,LGBM,0.95,0.9769230769230769,0.25719622226423833,0.047457925834839765,100
Linear,Logistic Regression,0.9,0.8823076923076922,0.19342205011642188,0.0494625033437771,100
Linear,Logistic Regression,0.95,0.9415384615384617,0.2304765882096771,0.0494625033437771,100
