Learner g,Learner m,level,Coverage,CI Length,Bias,Uniform Coverage,Uniform CI Length,repetition
LGBM,LGBM,0.9,0.9038461538461539,0.5818966962059838,0.1435944755709475,0.88,0.7055777033989438,100
LGBM,LGBM,0.95,0.9492307692307692,0.693372679853793,0.1435944755709475,0.94,0.8113769406399532,100
LGBM,Logistic Regression,0.9,0.81,0.41716340917968886,0.12258144778601979,0.78,0.5062698827872832,100
LGBM,Logistic Regression,0.95,0.8738461538461538,0.49708086133810014,0.12258144778601979,0.86,0.5835143322993298,100
Linear,LGBM,0.9,0.8023076923076923,0.6065907561805581,0.1790914579109802,0.8,0.7182897195756133,100
Linear,LGBM,0.95,0.8653846153846153,0.7227974671960807,0.1790914579109802,0.85,0.8301176550726784,100
Linear,Logistic Regression,0.9,0.713076923076923,0.4541725983633358,0.15175636482362434,0.71,0.5341780882458428,100
Linear,Logistic Regression,0.95,0.8146153846153846,0.541180030229751,0.15175636482362434,0.8,0.6185746229300051,100
