Learner g,Learner m,level,Coverage,CI Length,Bias,repetition
LGBM Regr.,LGBM Clas.,0.9,0.9214285714285714,0.1913460262511472,0.0431261794473061,200
LGBM Regr.,LGBM Clas.,0.95,0.9592857142857143,0.22800285319744668,0.0431261794473061,200
LGBM Regr.,Logistic,0.9,0.9192857142857143,0.18097901112163345,0.041041888975454605,200
LGBM Regr.,Logistic,0.95,0.9614285714285714,0.2156497927499421,0.041041888975454605,200
Linear,LGBM Clas.,0.9,0.9164285714285714,0.2132575331275393,0.046942310613367344,200
Linear,LGBM Clas.,0.95,0.9621428571428571,0.2541120240203392,0.046942310613367344,200
Linear,Logistic,0.9,0.9228571428571429,0.1968307741542601,0.04490834814057729,200
Linear,Logistic,0.95,0.9557142857142857,0.23453833342391914,0.04490834814057729,200
