Learner g,Learner m,level,Coverage,CI Length,Bias,repetition
LGBM Regr.,LGBM Clas.,0.9,0.7992857142857143,0.5698895627940845,0.1622318401991349,200
LGBM Regr.,LGBM Clas.,0.95,0.8728571428571429,0.6790652979328213,0.1622318401991349,200
LGBM Regr.,Logistic,0.9,0.7892857142857143,0.444416645306349,0.13289988655229823,200
LGBM Regr.,Logistic,0.95,0.8857142857142857,0.5295550951514872,0.13289988655229823,200
Linear,LGBM Clas.,0.9,0.8221428571428571,0.5759694248495425,0.16067305644701288,200
Linear,LGBM Clas.,0.95,0.88,0.6863099004095503,0.16067305644701288,200
Linear,Logistic,0.9,0.77,0.4638841356789262,0.14556325752609944,200
Linear,Logistic,0.95,0.8385714285714286,0.5527520406878192,0.14556325752609944,200
