Learner g,Learner m,level,Coverage,CI Length,Bias,repetition
LGBM,LGBM,0.9,0.5,0.19346435854629457,0.07784453004193512,2
LGBM,LGBM,0.95,0.9230769230769231,0.23052700181331598,0.07784453004193512,2
LGBM,Logistic Regression,0.9,0.5,0.17812427384353957,0.06939473463148645,2
LGBM,Logistic Regression,0.95,0.8461538461538461,0.21224816347502723,0.06939473463148645,2
Linear,LGBM,0.9,0.5,0.24979207533392356,0.08941751458300208,2
Linear,LGBM,0.95,0.8846153846153846,0.2976456161545432,0.08941751458300208,2
Linear,Logistic Regression,0.9,0.5,0.21249065797622818,0.08302374955545072,2
Linear,Logistic Regression,0.95,0.5384615384615384,0.25319823591629126,0.08302374955545072,2
