Learner g,Learner m,level,Coverage,CI Length,Bias,repetition
LGBM Regr.,LGBM Clas.,0.9,0.8564285714285714,0.5599803695184898,0.15691823669038846,200
LGBM Regr.,LGBM Clas.,0.95,0.9242857142857143,0.6672577658717421,0.15691823669038846,200
LGBM Regr.,Logistic,0.9,0.8,0.4488498613139841,0.13502164231417138,200
LGBM Regr.,Logistic,0.95,0.8842857142857143,0.5348375978424744,0.13502164231417138,200
Linear,LGBM Clas.,0.9,0.7778571428571429,0.5748146502742429,0.16876670012237052,200
Linear,LGBM Clas.,0.95,0.8607142857142857,0.6849339016332675,0.16876670012237052,200
Linear,Logistic,0.9,0.7521428571428571,0.4599365576395126,0.14286782087753735,200
Linear,Logistic,0.95,0.832857142857143,0.5480482113277858,0.14286782087753735,200
