Learner g,Learner m,level,Coverage,CI Length,Bias,repetition
LGBM Regr.,LGBM Clas.,0.9,0.85,0.5670142676988336,0.15380806524383983,200
LGBM Regr.,LGBM Clas.,0.95,0.917142857142857,0.6756391725078731,0.15380806524383983,200
LGBM Regr.,Logistic,0.9,0.7985714285714286,0.4385225256106473,0.13981066432860312,200
LGBM Regr.,Logistic,0.95,0.8857142857142857,0.5225318183474872,0.13981066432860312,200
Linear,LGBM Clas.,0.9,0.807142857142857,0.5780831437073561,0.16505729067291136,200
Linear,LGBM Clas.,0.95,0.8778571428571429,0.6888285517757731,0.16505729067291136,200
Linear,Logistic,0.9,0.7535714285714286,0.46127673668330255,0.14620789056223912,200
Linear,Logistic,0.95,0.8271428571428571,0.5496451331545211,0.14620789056223912,200
