Learner g,Learner m,level,Coverage,CI Length,Bias,repetition
LGBM,LGBM,0.9,0.9307692307692308,0.19083100185250548,0.04355988334840835,100
LGBM,LGBM,0.95,0.9776923076923077,0.22738916377490032,0.04355988334840835,100
LGBM,Logistic Regression,0.9,0.9123076923076923,0.17764719775660953,0.044119107621817075,100
LGBM,Logistic Regression,0.95,0.9638461538461539,0.2116796922548852,0.044119107621817075,100
Linear,LGBM,0.9,0.9307692307692308,0.2158463729041374,0.04739685601873025,100
Linear,LGBM,0.95,0.9776923076923077,0.2571968168801641,0.04739685601873025,100
Linear,Logistic Regression,0.9,0.8823076923076922,0.19342227873033963,0.04948987597221663,100
Linear,Logistic Regression,0.95,0.9407692307692308,0.23047686061996198,0.04948987597221663,100
