Learner g,Learner m,level,Coverage,CI Length,Bias,Uniform Coverage,Uniform CI Length,repetition
LGBM,LGBM,0.9,1.0,0.46753494638116533,0.06500574641456658,1.0,0.5739790909879521,2
LGBM,LGBM,0.95,1.0,0.5571022499547823,0.06500574641456658,1.0,0.6554826185821452,2
LGBM,Logistic Regression,0.9,0.8846153846153846,0.3786810115191587,0.09168194709579183,0.5,0.4622004732621836,2
LGBM,Logistic Regression,0.95,0.9230769230769231,0.45122625627322477,0.09168194709579183,1.0,0.5375390660099887,2
Linear,LGBM,0.9,0.8076923076923077,0.5147327027168079,0.19798929070270088,0.5,0.618135012643706,2
Linear,LGBM,0.95,0.9615384615384616,0.6133418454137439,0.19798929070270088,1.0,0.7204107679583702,2
Linear,Logistic Regression,0.9,0.9615384615384616,0.4453264024097835,0.10222988667392674,1.0,0.5359904694935612,2
Linear,Logistic Regression,0.95,1.0,0.5306391376025568,0.10222988667392674,1.0,0.6207474370256627,2
