Learner g,Learner m,level,Coverage,CI Length,Bias,Uniform Coverage,Uniform CI Length,repetition
LGBM,LGBM,0.9,0.9007692307692308,0.5818966962059838,0.14389616733672375,0.88,0.7055777033989438,100
LGBM,LGBM,0.95,0.9492307692307692,0.693372679853793,0.14389616733672375,0.95,0.8113769406399532,100
LGBM,Logistic Regression,0.9,0.81,0.41715844354328135,0.12275759703405408,0.78,0.5062794648957274,100
LGBM,Logistic Regression,0.95,0.8692307692307693,0.49707494441737266,0.12275759703405408,0.86,0.5835121707560351,100
Linear,LGBM,0.9,0.8007692307692308,0.6065907561805581,0.1798354817301676,0.8,0.7182897195756133,100
Linear,LGBM,0.95,0.8638461538461538,0.7227974671960807,0.1798354817301676,0.85,0.8301176550726784,100
Linear,Logistic Regression,0.9,0.7084615384615384,0.45417244635105875,0.15263121995044057,0.69,0.5341807534621331,100
Linear,Logistic Regression,0.95,0.8123076923076923,0.5411798490959508,0.15263121995044057,0.8,0.6185753871641957,100
