Learner g,Learner m,level,Coverage,CI Length,Bias,repetition
LGBM Regr.,LGBM Clas.,0.9,0.9314285714285714,0.19151734578017915,0.04104704711866214,200
LGBM Regr.,LGBM Clas.,0.95,0.9657142857142857,0.22820699300736602,0.04104704711866214,200
LGBM Regr.,Logistic,0.9,0.9314285714285714,0.18081183530929518,0.039318346927923055,200
LGBM Regr.,Logistic,0.95,0.9664285714285714,0.21545059048300444,0.039318346927923055,200
Linear,LGBM Clas.,0.9,0.9514285714285714,0.21336023206199958,0.042369199648548656,200
Linear,LGBM Clas.,0.95,0.9764285714285714,0.25423439734857617,0.042369199648548656,200
Linear,Logistic,0.9,0.9285714285714286,0.1967447832942214,0.041760333368338426,200
Linear,Logistic,0.95,0.9735714285714286,0.2344358689943104,0.041760333368338426,200
