Learner g,Learner m,level,Coverage,CI Length,Bias,repetition
LGBM Regr.,LGBM Clas.,0.9,0.9014285714285714,0.19064863373047444,0.046573467818208994,200
LGBM Regr.,LGBM Clas.,0.95,0.9535714285714286,0.22717185875440954,0.046573467818208994,200
LGBM Regr.,Logistic,0.9,0.8921428571428571,0.18035991253115108,0.044703609418269445,200
LGBM Regr.,Logistic,0.95,0.942857142857143,0.2149120912789158,0.044703609418269445,200
Linear,LGBM Clas.,0.9,0.9064285714285714,0.21197545188306893,0.04818749120158227,200
Linear,LGBM Clas.,0.95,0.957857142857143,0.25258432999137354,0.04818749120158227,200
Linear,Logistic,0.9,0.9007142857142857,0.1965222149886573,0.04731821601748326,200
Linear,Logistic,0.95,0.9457142857142857,0.23417066250063942,0.04731821601748326,200
