Learner g,Learner m,level,Coverage,CI Length,Bias,repetition
LGBM Regr.,LGBM Clas.,0.9,0.917142857142857,0.19119717658041008,0.04362829784730854,200
LGBM Regr.,LGBM Clas.,0.95,0.9542857142857143,0.22782548787510115,0.04362829784730854,200
LGBM Regr.,Logistic,0.9,0.9057142857142857,0.1808152569639124,0.04420216660189615,200
LGBM Regr.,Logistic,0.95,0.9464285714285714,0.21545466763595436,0.04420216660189615,200
Linear,LGBM Clas.,0.9,0.9307142857142857,0.21249094126531845,0.04611913119447561,200
Linear,LGBM Clas.,0.95,0.9685714285714286,0.2531985734760624,0.04611913119447561,200
Linear,Logistic,0.9,0.907142857142857,0.1974588750818297,0.04611240388345785,200
Linear,Logistic,0.95,0.9592857142857143,0.2352867618412089,0.04611240388345785,200
