Learner g,Learner m,level,Coverage,CI Length,Bias,Uniform Coverage,Uniform CI Length,repetition
LGBM,LGBM,0.9,0.9030769230769231,0.581890658376035,0.14365910431510134,0.97,0.8139614394657777,100
LGBM,LGBM,0.95,0.9492307692307692,0.6933654853356606,0.14365910431510134,0.94,0.8113889053772897,100
LGBM,Logistic Regression,0.9,0.81,0.41714850399470726,0.12259446966944196,0.86,0.5823073896444301,100
LGBM,Logistic Regression,0.95,0.8730769230769231,0.49706310071474247,0.12259446966944196,0.86,0.5835650930697664,100
Linear,LGBM,0.9,0.8023076923076923,0.6065895890352744,0.17931464512832654,0.86,0.8310969255111668,100
Linear,LGBM,0.95,0.8653846153846153,0.7227960764566962,0.17931464512832654,0.85,0.8301157661534991,100
Linear,Logistic Regression,0.9,0.7123076923076923,0.45417053900220333,0.1520104116669685,0.79,0.6171417349850036,100
Linear,Logistic Regression,0.95,0.8146153846153846,0.5411775763496095,0.1520104116669685,0.8,0.6185840338216858,100
