Learner g,Learner m,level,Coverage,CI Length,Bias,Uniform Coverage,Uniform CI Length,repetition
LGBM Regr.,LGBM Clas.,0.9,0.827857142857143,0.5710685305481125,0.16052920368203474,0.785,0.6906174048262292,200
LGBM Regr.,LGBM Clas.,0.95,0.8885714285714286,0.6804701246596295,0.16052920368203474,0.895,0.7953244912486926,200
LGBM Regr.,Logistic,0.9,0.8271428571428571,0.43999562239145346,0.12430365207842994,0.815,0.5327747575457736,200
LGBM Regr.,Logistic,0.95,0.8892857142857143,0.5242871214266269,0.12430365207842994,0.87,0.6147424507415543,200
Linear,LGBM Clas.,0.9,0.7892857142857143,0.5891418372517685,0.18374743604747235,0.745,0.6976304863416719,200
Linear,LGBM Clas.,0.95,0.8621428571428571,0.7020057978893286,0.18374743604747235,0.84,0.8072538231232462,200
Linear,Logistic,0.9,0.7707142857142857,0.47465066399401157,0.15252675761847112,0.735,0.5599340403260908,200
Linear,Logistic,0.95,0.8342857142857143,0.5655811504580351,0.15252675761847112,0.8,0.6483698794785692,200
