Learner g,Learner m,level,Coverage,CI Length,Bias,repetition
LGBM,LGBM,0.9,0.8892307692307692,0.5699689541680535,0.13916120902511853,100
LGBM,LGBM,0.95,0.9461538461538461,0.6791598985897508,0.13916120902511853,100
LGBM,Logistic Regression,0.9,0.8207692307692308,0.4060171336908242,0.11838313391016886,100
LGBM,Logistic Regression,0.95,0.8907692307692308,0.4837992549009209,0.11838313391016886,100
Linear,LGBM,0.9,0.7707692307692308,0.5801661718639771,0.1746635044255932,100
Linear,LGBM,0.95,0.8630769230769231,0.691310632915921,0.1746635044255932,100
Linear,Logistic Regression,0.9,0.69,0.4294697114538,0.1539651338207486,100
Linear,Logistic Regression,0.95,0.7792307692307692,0.5117447249457237,0.1539651338207486,100
