Learner g,Learner m,level,Coverage,CI Length,Bias,Uniform Coverage,Uniform CI Length,repetition
LGBM Regr.,LGBM Clas.,0.9,0.85,0.5796241888849147,0.15567372871154336,0.87,0.7009270285655491,200
LGBM Regr.,LGBM Clas.,0.95,0.9292857142857143,0.6906648203634905,0.15567372871154336,0.92,0.8074443628687097,200
LGBM Regr.,Logistic,0.9,0.8207142857142857,0.4505521904112434,0.1384841777144103,0.795,0.5426740272513005,200
LGBM Regr.,Logistic,0.95,0.8928571428571429,0.5368660480740288,0.1384841777144103,0.88,0.6261735233895037,200
Linear,LGBM Clas.,0.9,0.825,0.604031305594578,0.17336373457185203,0.78,0.7151775160876557,200
Linear,LGBM Clas.,0.95,0.8971428571428571,0.719747693716827,0.17336373457185203,0.85,0.8269744576928215,200
Linear,Logistic,0.9,0.775,0.4860331654639814,0.1489380406801104,0.74,0.5698020622218235,200
Linear,Logistic,0.95,0.85,0.5791442375130592,0.1489380406801104,0.81,0.6599452421128806,200
