Learner g,Learner m,level,Coverage,CI Length,Bias,repetition
LGBM,LGBM,0.9,0.8076923076923077,0.4529925830547916,0.11797800306168357,2
LGBM,LGBM,0.95,0.8846153846153846,0.5397739552647469,0.11797800306168357,2
LGBM,Logistic Regression,0.9,1.0,0.36935916448511885,0.041231203133811914,2
LGBM,Logistic Regression,0.95,1.0,0.4401185904257954,0.041231203133811914,2
Linear,LGBM,0.9,0.5384615384615384,0.4679152689009021,0.2325653770020063,2
Linear,LGBM,0.95,0.9615384615384616,0.557555432188739,0.2325653770020063,2
Linear,Logistic Regression,0.9,0.9615384615384616,0.4122207663353946,0.1281673496336811,2
Linear,Logistic Regression,0.95,1.0,0.49119133913105983,0.1281673496336811,2
