Learner g,Learner m,level,Coverage,CI Length,Bias,repetition
LGBM,LGBM,0.9,0.9323076923076923,0.1908311409902022,0.04341246693737058,100
LGBM,LGBM,0.95,0.9792307692307692,0.22738932956769187,0.04341246693737058,100
LGBM,Logistic Regression,0.9,0.9130769230769231,0.1776451248637835,0.04403267398281018,100
LGBM,Logistic Regression,0.95,0.963076923076923,0.21167722225073635,0.04403267398281018,100
Linear,LGBM,0.9,0.9307692307692308,0.21584587388672186,0.047576051617349686,100
Linear,LGBM,0.95,0.9776923076923077,0.25719622226423833,0.047576051617349686,100
Linear,Logistic Regression,0.9,0.8884615384615384,0.1934218436107483,0.04906705213284509,100
Linear,Logistic Regression,0.95,0.943076923076923,0.23047634214298993,0.04906705213284509,100
