Learner g,Learner m,level,Coverage,CI Length,Bias,repetition
LGBM,LGBM,0.9,0.8876923076923078,0.5699689541680535,0.13934148600639645,100
LGBM,LGBM,0.95,0.9461538461538461,0.6791598985897508,0.13934148600639645,100
LGBM,Logistic Regression,0.9,0.8192307692307692,0.4060118886357097,0.1185635852924032,100
LGBM,Logistic Regression,0.95,0.89,0.48379300503226824,0.1185635852924032,100
Linear,LGBM,0.9,0.77,0.5801661718639771,0.17503081399943532,100
Linear,LGBM,0.95,0.8607692307692308,0.691310632915921,0.17503081399943532,100
Linear,Logistic Regression,0.9,0.6892307692307692,0.4294636844188598,0.15444826651283644,100
Linear,Logistic Regression,0.95,0.7776923076923077,0.5117375432906374,0.15444826651283644,100
