Learner g,Learner m,level,Coverage,CI Length,Bias,repetition
LGBM,LGBM,0.9,0.8884615384615384,0.5699625395035282,0.13946390679693876,100
LGBM,LGBM,0.95,0.9453846153846154,0.6791522550455249,0.13946390679693876,100
LGBM,Logistic Regression,0.9,0.8161538461538461,0.4060071480092503,0.11863969001780017,100
LGBM,Logistic Regression,0.95,0.8907692307692308,0.483787356227431,0.11863969001780017,100
Linear,LGBM,0.9,0.7692307692307692,0.5801647222653575,0.17537992178584955,100
Linear,LGBM,0.95,0.8592307692307692,0.6913089056126279,0.17537992178584955,100
Linear,Logistic Regression,0.9,0.6876923076923077,0.4294676736818515,0.15486748302742057,100
Linear,Logistic Regression,0.95,0.7769230769230769,0.5117422967906816,0.15486748302742057,100
