Learner g,Learner m,level,Coverage,CI Length,Bias,repetition
LGBM,LGBM,0.9,0.8884615384615384,0.5699689541680535,0.13934954721406115,100
LGBM,LGBM,0.95,0.9461538461538461,0.6791598985897508,0.13934954721406115,100
LGBM,Logistic Regression,0.9,0.8192307692307692,0.4060217020758364,0.11848308187809455,100
LGBM,Logistic Regression,0.95,0.8892307692307692,0.48380469846741503,0.11848308187809455,100
Linear,LGBM,0.9,0.7692307692307692,0.5801661718639771,0.1751137266106609,100
Linear,LGBM,0.95,0.8615384615384616,0.691310632915921,0.1751137266106609,100
Linear,Logistic Regression,0.9,0.6892307692307692,0.42946981193983413,0.1545041280672664,100
Linear,Logistic Regression,0.95,0.7776923076923077,0.5117448446822186,0.1545041280672664,100
