Learner g,Learner m,level,Coverage,CI Length,Bias,Uniform Coverage,Uniform CI Length,repetition
LGBM Regr.,LGBM Clas.,0.9,0.8285714285714286,0.5820773835982563,0.16340146510609896,0.8,0.7041248792060457,200
LGBM Regr.,LGBM Clas.,0.95,0.8828571428571429,0.6935879821612518,0.16340146510609896,0.865,0.8104981741914127,200
LGBM Regr.,Logistic,0.9,0.8078571428571429,0.4557462112689952,0.13573460597377687,0.775,0.5481526458665991,200
LGBM Regr.,Logistic,0.95,0.8935714285714286,0.5430551056590559,0.13573460597377687,0.875,0.632067835425355,200
Linear,LGBM Clas.,0.9,0.827857142857143,0.6010696922562259,0.16176034889643487,0.795,0.7100199778744414,200
Linear,LGBM Clas.,0.95,0.8864285714285713,0.7162187137612902,0.16176034889643487,0.855,0.8211084080550509,200
Linear,Logistic,0.9,0.7728571428571429,0.48825700023292934,0.14657921460513024,0.755,0.5721453699087213,200
Linear,Logistic,0.95,0.8542857142857143,0.5817941000803347,0.14657921460513024,0.83,0.662941047401618,200
