Learner g,Learner m,level,Coverage,CI Length,Bias,repetition
LGBM,LGBM,0.9,0.9323076923076923,0.1908311409902022,0.04347081995558675,100
LGBM,LGBM,0.95,0.9776923076923077,0.22738932956769187,0.04347081995558675,100
LGBM,Logistic Regression,0.9,0.9146153846153847,0.1776482729176802,0.04405662937860094,100
LGBM,Logistic Regression,0.95,0.9646153846153847,0.21168097338831957,0.04405662937860094,100
Linear,LGBM,0.9,0.9307692307692308,0.21584587388672186,0.04750929738761366,100
Linear,LGBM,0.95,0.9761538461538461,0.25719622226423833,0.04750929738761366,100
Linear,Logistic Regression,0.9,0.8853846153846153,0.1934225485324801,0.04921876802543021,100
Linear,Logistic Regression,0.95,0.943076923076923,0.23047718210904136,0.04921876802543021,100
