Learner g,Learner m,level,Coverage,CI Length,Bias,repetition
Lasso,Logistic Regression,0.9,1.0,1.0341928853529851,0.11618936330500498,5
Lasso,Logistic Regression,0.95,1.0,1.2323168305961452,0.11618936330500498,5
Lasso,Random Forest,0.9,1.0,1.020260747247189,0.13764134643740986,5
Lasso,Random Forest,0.95,1.0,1.2157156641047488,0.13764134643740986,5
Random Forest,Logistic Regression,0.9,1.0,1.01646122387587,0.1851993497223682,5
Random Forest,Logistic Regression,0.95,1.0,1.2111882527629834,0.1851993497223682,5
Random Forest,Random Forest,0.9,1.0,1.0417530829342279,0.15557165403346093,5
Random Forest,Random Forest,0.95,1.0,1.2413253616486652,0.15557165403346093,5
