Learner g,Learner m,level,Coverage,CI Length,Bias,repetition
Lasso,Logistic Regression,0.9,0.902,0.9293147641314786,0.22417217252344523,1000
Lasso,Logistic Regression,0.95,0.956,1.1073468411744398,0.22417217252344523,1000
Lasso,Random Forest,0.9,0.907,0.9551548569821924,0.23030571774269312,1000
Lasso,Random Forest,0.95,0.965,1.1381372109159926,0.23030571774269312,1000
Random Forest,Logistic Regression,0.9,0.901,0.9627435648761393,0.2326439704061282,1000
Random Forest,Logistic Regression,0.95,0.949,1.1471797141014568,0.2326439704061282,1000
Random Forest,Random Forest,0.9,0.906,0.9916155285633201,0.23508228830266614,1000
Random Forest,Random Forest,0.95,0.96,1.1815827807711041,0.23508228830266614,1000
