Learner g,Learner m,level,Coverage,CI Length,Bias,repetition
Lasso,Logistic Regression,0.9,0.902,0.9293147641314788,0.2241721725234453,1000
Lasso,Logistic Regression,0.95,0.956,1.10734684117444,0.2241721725234453,1000
Lasso,Random Forest,0.9,0.906,0.9553298843030593,0.23080551899825463,1000
Lasso,Random Forest,0.95,0.96,1.1383457688323866,0.23080551899825463,1000
Random Forest,Logistic Regression,0.9,0.905,0.9631937131993897,0.23250791933354573,1000
Random Forest,Logistic Regression,0.95,0.949,1.1477160989121267,0.23250791933354573,1000
Random Forest,Random Forest,0.9,0.905,0.991691362981023,0.23403696617336237,1000
Random Forest,Random Forest,0.95,0.962,1.181673143053225,0.23403696617336237,1000
