Learner g,Learner m,level,Coverage,CI Length,Bias,repetition
Lasso,Logistic Regression,0.9,0.902,0.9293147641314791,0.22417217252344543,1000
Lasso,Logistic Regression,0.95,0.956,1.1073468411744405,0.22417217252344543,1000
Lasso,Random Forest,0.9,0.903,0.9544430863075105,0.23010822182423482,1000
Lasso,Random Forest,0.95,0.957,1.1372890838457355,0.23010822182423482,1000
Random Forest,Logistic Regression,0.9,0.899,0.9632338456491285,0.23414577984066232,1000
Random Forest,Logistic Regression,0.95,0.948,1.1477639196755127,0.23414577984066232,1000
Random Forest,Random Forest,0.9,0.906,0.9913913300549152,0.23420114405074077,1000
Random Forest,Random Forest,0.95,0.962,1.181315631770937,0.23420114405074077,1000
