Learner g,Learner m,level,Coverage,CI Length,Bias,repetition
Lasso,Logistic Regression,0.9,0.902,0.9293147641314788,0.2241721725234453,1000
Lasso,Logistic Regression,0.95,0.956,1.10734684117444,0.2241721725234453,1000
Lasso,Random Forest,0.9,0.903,0.9550141700093412,0.23077333095440236,1000
Lasso,Random Forest,0.95,0.957,1.1379695720480933,0.23077333095440236,1000
Random Forest,Logistic Regression,0.9,0.9,0.9629145290806888,0.23355881870984344,1000
Random Forest,Logistic Regression,0.95,0.951,1.1473834305161408,0.23355881870984344,1000
Random Forest,Random Forest,0.9,0.904,0.9912410494922755,0.23401096266112748,1000
Random Forest,Random Forest,0.95,0.959,1.1811365614357268,0.23401096266112748,1000
