Learner g,Learner m,level,Coverage,CI Length,Bias,repetition
Lasso,Logistic Regression,0.9,0.875,0.467771360497192,0.12336884150536219,1000
Lasso,Logistic Regression,0.95,0.935,0.5573839547492132,0.12336884150536219,1000
Lasso,Random Forest,0.9,0.906,0.6047145364621751,0.1478860899164366,1000
Lasso,Random Forest,0.95,0.959,0.7205618135094181,0.1478860899164366,1000
Random Forest,Logistic Regression,0.9,0.803,0.5176227656141883,0.15019297474976653,1000
Random Forest,Logistic Regression,0.95,0.883,0.6167855677602845,0.15019297474976653,1000
Random Forest,Random Forest,0.9,0.899,0.6330777189487165,0.15360554047241584,1000
Random Forest,Random Forest,0.95,0.959,0.7543586299857805,0.15360554047241584,1000
