Learner g,Learner m,level,Coverage,CI Length,Bias,repetition
Lasso,Logistic Regression,0.9,0.875,0.467771360497192,0.12336884150536215,1000
Lasso,Logistic Regression,0.95,0.935,0.5573839547492131,0.12336884150536215,1000
Lasso,Random Forest,0.9,0.909,0.6011862689821161,0.14561117830316445,1000
Lasso,Random Forest,0.95,0.957,0.7163576234979603,0.14561117830316445,1000
Random Forest,Logistic Regression,0.9,0.802,0.5171011511026118,0.14962901688095656,1000
Random Forest,Logistic Regression,0.95,0.881,0.6161640257338379,0.14962901688095656,1000
Random Forest,Random Forest,0.9,0.897,0.628287514879127,0.14794529970360057,1000
Random Forest,Random Forest,0.95,0.95,0.7486507497822434,0.14794529970360057,1000
