Learner g,Learner m,level,Coverage,CI Length,Bias,Coverage (Lower),Coverage (Upper),RV,RVa,Bias (Lower),Bias (Upper),CI Bound Length,repetition
LGBM,LGBM,0.9,0.0,0.1290670759744328,0.16700188836291868,0.97,1.0,0.11516972420151037,0.08199881099554834,0.02323389657437148,0.3116508618137395,0.38989882617146443,100
LGBM,LGBM,0.95,0.0,0.1537929067698414,0.16700188836291868,1.0,1.0,0.11516972420151037,0.07236261547894074,0.02323389657437148,0.3116508618137395,0.41841777757435944,100
LGBM,Logistic Regr.,0.9,0.0,0.12799554257877943,0.1521625357301867,1.0,1.0,0.10627830296996256,0.07276073501676483,0.014191719568706143,0.2957015551702169,0.38682853093364633,100
LGBM,Logistic Regr.,0.95,0.0,0.15251609597689259,0.1521625357301867,1.0,1.0,0.10627830296996256,0.06302810491287761,0.014191719568706143,0.2957015551702169,0.41510640937704496,100
Linear Reg.,LGBM,0.9,0.0,0.13046535997228081,0.16726605997683605,0.97,1.0,0.1139630025296028,0.08085153079077306,0.02209160244564357,0.31378717139235235,0.3947340873761868,100
Linear Reg.,LGBM,0.95,0.0,0.15545906491974315,0.16726605997683605,1.0,1.0,0.1139630025296028,0.0712277815883182,0.02209160244564357,0.31378717139235235,0.4235623179451715,100
Linear Reg.,Logistic Regr.,0.9,0.08,0.12933949008724985,0.08765035815698355,1.0,1.0,0.06183424333715742,0.026740494950661556,0.057894323058536486,0.2331950393725036,0.391886816241763,100
Linear Reg.,Logistic Regr.,0.95,0.26,0.1541175082062569,0.08765035815698355,1.0,1.0,0.06183424333715742,0.016877272580948677,0.057894323058536486,0.2331950393725036,0.4204614937955592,100
