Learner g,Learner m,level,Coverage,CI Length,Bias,repetition
Lasso,Logistic Regression,0.9,0.875,0.467771360497192,0.12336884150536215,1000
Lasso,Logistic Regression,0.95,0.935,0.5573839547492131,0.12336884150536215,1000
Lasso,Random Forest,0.9,0.912,0.5966096622110802,0.1474915784047085,1000
Lasso,Random Forest,0.95,0.959,0.7109042601739195,0.1474915784047085,1000
Random Forest,Logistic Regression,0.9,0.803,0.5166450978834383,0.15028882582171493,1000
Random Forest,Logistic Regression,0.95,0.879,0.6156206048056972,0.15028882582171493,1000
Random Forest,Random Forest,0.9,0.901,0.6352355229138156,0.15259149216742338,1000
Random Forest,Random Forest,0.95,0.953,0.7569298119973559,0.15259149216742338,1000
