Learner g,Learner m,level,Coverage,CI Length,Bias,repetition
Lasso,Logistic Regression,0.9,0.875,0.467771360497192,0.12336884150536215,1000
Lasso,Logistic Regression,0.95,0.935,0.5573839547492131,0.12336884150536215,1000
Lasso,Random Forest,0.9,0.918,0.6021088429949879,0.1471534184182516,1000
Lasso,Random Forest,0.95,0.96,0.7174569382385991,0.1471534184182516,1000
Random Forest,Logistic Regression,0.9,0.796,0.5169833951793216,0.15066786899795942,1000
Random Forest,Logistic Regression,0.95,0.879,0.6160237108968011,0.15066786899795942,1000
Random Forest,Random Forest,0.9,0.905,0.6288222586448227,0.1522621548395983,1000
Random Forest,Random Forest,0.95,0.959,0.7492879362799036,0.1522621548395983,1000
