Learner g,Learner m,level,Coverage,CI Length,Bias,repetition
Lasso,Logistic Regression,0.9,0.875,0.467771360497192,0.12336884150536215,1000
Lasso,Logistic Regression,0.95,0.935,0.5573839547492131,0.12336884150536215,1000
Lasso,Random Forest,0.9,0.904,0.5986207495475606,0.14643826768714088,1000
Lasso,Random Forest,0.95,0.954,0.7133006185396007,0.14643826768714088,1000
Random Forest,Logistic Regression,0.9,0.802,0.515856329530175,0.1497402299287362,1000
Random Forest,Logistic Regression,0.95,0.885,0.6146807293424889,0.1497402299287362,1000
Random Forest,Random Forest,0.9,0.898,0.625184528129902,0.1492705643144829,1000
Random Forest,Random Forest,0.95,0.948,0.744953313017455,0.1492705643144829,1000
