Learner g,Learner m,level,Coverage,CI Length,Bias,Uniform Coverage,Uniform CI Length,repetition
LGBM,LGBM,0.9,0.905,36.8846989690372,9.131884934013955,0.9,43.73640382367486,100
LGBM,LGBM,0.95,0.955,43.950829651572036,9.131884934013955,0.97,50.142314665369724,100
LGBM,Logistic,0.9,0.955,5.637480550426351,1.151308014263443,0.94,6.664499273820569,100
LGBM,Logistic,0.95,0.975,6.717472400786864,1.151308014263443,0.97,7.649783425286887,100
Linear,LGBM,0.9,0.945,7.5231916071064235,1.5943470479776534,0.98,8.92410150866363,100
Linear,LGBM,0.95,0.99,8.964435714593602,1.5943470479776534,0.98,10.176484309695075,100
Linear,Logistic,0.9,0.86,1.1406725786369476,0.3225184183701423,0.81,1.3445755284087566,100
Linear,Logistic,0.95,0.905,1.3591952108373277,0.3225184183701423,0.91,1.549316196492101,100
