Learner g,Learner m,level,Coverage,CI Length,Bias,repetition
Lasso,Logistic Regression,0.9,1.0,0.700116325135283,0.15450208403140733,9
Lasso,Logistic Regression,0.95,1.0,0.8342400562394681,0.15450208403140733,9
Lasso,Random Forest,0.9,1.0,0.6730239128861988,0.12324566015453747,9
Lasso,Random Forest,0.95,1.0,0.8019574558959157,0.12324566015453747,9
Random Forest,Logistic Regression,0.9,1.0,0.6453762245331004,0.08530289227518592,9
Random Forest,Logistic Regression,0.95,1.0,0.7690132032645788,0.08530289227518592,9
Random Forest,Random Forest,0.9,1.0,0.7198741945325173,0.1427932104005206,9
Random Forest,Random Forest,0.95,1.0,0.8577830097249992,0.1427932104005206,9
