Learner g,Learner m,level,Coverage,CI Length,Bias,Uniform Coverage,Uniform CI Length,repetition
LGBM,LGBM,0.9,0.941,2.1611526373873855,0.485111464229937,1.0,5.063646757352436,1000
LGBM,LGBM,0.95,0.9766666666666667,2.5751722007164304,0.485111464229937,1.0,5.085406768554818,1000
LGBM,Logistic Regression,0.9,0.916,0.39042806875814784,0.08854865701618216,0.997,0.9186129412168422,1000
LGBM,Logistic Regression,0.95,0.9606666666666667,0.4652237383199532,0.08854865701618216,0.998,0.9197763724365767,1000
Lasso,LGBM,0.9,0.9043333333333333,2.047596498760145,0.4969326571087233,1.0,4.807194790243196,1000
Lasso,LGBM,0.95,0.959,2.43986171576749,0.4969326571087233,1.0,4.8198259289943515,1000
Lasso,Logistic Regression,0.9,0.9173333333333333,0.4009671672064081,0.08997238623405879,0.999,0.9416356317140356,1000
Lasso,Logistic Regression,0.95,0.9603333333333334,0.4777818486889565,0.08997238623405879,0.999,0.9403831822862969,1000
