Learner g,Learner m,level,Coverage,CI Length,Bias,Coverage (Lower),Coverage (Upper),RV,RVa,Bias (Lower),Bias (Upper),CI Bound Length,repetition
LGBM,LGBM,0.9,0.0,0.1292540820255691,0.1677439500916218,1.0,1.0,0.08334212448404087,0.059113043397617415,0.036836009396182916,0.3721331068951957,0.5095597104015827,100
LGBM,LGBM,0.95,0.0,0.1540157382237242,0.1677439500916218,1.0,1.0,0.08334212448404087,0.05212249622605954,0.036836009396182916,0.3721331068951957,0.5381298360143767,100
LGBM,Logistic Regr.,0.9,0.0,0.12798017567553704,0.15251467338033609,1.0,1.0,0.07659421125394784,0.05222417352921675,0.05042841323362346,0.35545775999429563,0.5056319268530703,100
LGBM,Logistic Regr.,0.95,0.0,0.15249778518229332,0.15251467338033609,1.0,1.0,0.07659421125394784,0.04519737142215315,0.05042841323362346,0.35545775999429563,0.5339084620178494,100
Linear Reg.,LGBM,0.9,0.0,0.13050148401216977,0.16740934350762515,1.0,1.0,0.08209259956920208,0.05796766242007333,0.039830831956169446,0.37464951897141974,0.5162334967376828,100
Linear Reg.,LGBM,0.95,0.0,0.15550210936819642,0.16740934350762515,1.0,1.0,0.08209259956920208,0.05100237961568155,0.039830831956169446,0.37464951897141974,0.5450790996937619,100
Linear Reg.,Logistic Regr.,0.9,0.08,0.1293446408364081,0.08762861257786415,1.0,1.0,0.044141171731517534,0.018998467144475298,0.11817849827800302,0.2934357234337313,0.5124233919151969,100
Linear Reg.,Logistic Regr.,0.95,0.26,0.15412364570243178,0.08762861257786415,1.0,1.0,0.044141171731517534,0.011970031722965948,0.11817849827800302,0.2934357234337313,0.5410013909035332,100
