Learner g,Learner m,level,Coverage,CI Length,Bias,repetition
Lasso,Logistic Regression,0.9,0.875,0.467771360497192,0.12336884150536215,1000
Lasso,Logistic Regression,0.95,0.935,0.5573839547492131,0.12336884150536215,1000
Lasso,Random Forest,0.9,0.9,0.6010940693795692,0.1456325105684905,1000
Lasso,Random Forest,0.95,0.958,0.7162477608953431,0.1456325105684905,1000
Random Forest,Logistic Regression,0.9,0.8,0.5174327575265436,0.15025537456897348,1000
Random Forest,Logistic Regression,0.95,0.884,0.616559159159268,0.15025537456897348,1000
Random Forest,Random Forest,0.9,0.901,0.6280042419978804,0.15067906184239996,1000
Random Forest,Random Forest,0.95,0.953,0.748313209325182,0.15067906184239996,1000
