Learner g,Learner m,level,Coverage,CI Length,Bias,Coverage (Lower),Coverage (Upper),RV,RVa,Bias (Lower),Bias (Upper),repetition
LGBM,LGBM,0.9,0.112,0.266748233354866,0.17891290135375168,0.962,1.0,0.12379347892727971,0.05409589192160397,0.04254708028278409,0.32210978560617337,500
LGBM,LGBM,0.95,0.318,0.31785012462427936,0.17891290135375168,0.998,1.0,0.12379347892727971,0.03441021667548556,0.04254708028278409,0.32210978560617337,500
LGBM,Logistic Regr.,0.9,0.292,0.2577778025822409,0.14922926552528684,1.0,1.0,0.10066571951295798,0.03493291437943745,0.029012990398602386,0.2979424530565633,500
LGBM,Logistic Regr.,0.95,0.548,0.30716119707955875,0.14922926552528684,1.0,1.0,0.10066571951295798,0.01869752301454861,0.029012990398602386,0.2979424530565633,500
Linear Reg.,LGBM,0.9,0.122,0.2675665174758639,0.17873104426193565,0.964,1.0,0.12647219547900976,0.05512739569620471,0.04513946154555041,0.31857328180879246,500
Linear Reg.,LGBM,0.95,0.314,0.31882517029399604,0.17873104426193565,0.998,1.0,0.12647219547900976,0.035017588858111126,0.04513946154555041,0.31857328180879246,500
Linear Reg.,Logistic Regr.,0.9,0.86,0.2592281409673473,0.08970251629543106,1.0,1.0,0.06300567732617765,0.006719868195974334,0.05720312141493262,0.23496869651774063,500
Linear Reg.,Logistic Regr.,0.95,0.974,0.30888938185760084,0.08970251629543106,1.0,1.0,0.06300567732617765,0.0014945204694376396,0.05720312141493262,0.23496869651774063,500
