Learner g,Learner m,level,Coverage,CI Length,Bias,Uniform Coverage,Uniform CI Length,repetition
LGBM,LGBM,0.9,0.9063333333333333,28.21021843292038,7.119572460963985,0.924,36.1943517986729,1000
LGBM,LGBM,0.95,0.9586666666666667,33.61454856442563,7.119572460963985,0.974,40.868020474452145,1000
LGBM,Logistic,0.9,0.9183333333333333,6.789316986971466,1.5708048656754727,0.924,8.394070597867525,1000
LGBM,Logistic,0.95,0.9623333333333334,8.089970168806186,1.5708048656754727,0.961,9.592284619044477,1000
Linear,LGBM,0.9,0.9276666666666666,7.903418354805324,1.7248563112600754,0.94,9.850445774370154,1000
Linear,LGBM,0.95,0.967,9.41750382912841,1.7248563112600754,0.975,11.234392064837424,1000
Linear,Logistic,0.9,0.9033333333333333,5.372532806955154,1.2791410251315458,0.905,5.7964894175017925,1000
Linear,Logistic,0.95,0.9553333333333334,6.4017676921854445,1.2791410251315458,0.953,6.8182385960659,1000
