Learner g,Learner m,level,Coverage,CI Length,Bias,Uniform Coverage,Uniform CI Length,repetition
LGBM,LGBM,0.9,0.91,27.572165867393696,6.8304190047065605,0.88,35.323273607240814,100
LGBM,LGBM,0.95,0.9533333333333333,32.85426203911734,6.8304190047065605,0.96,39.844602584305974,100
LGBM,Logistic,0.9,0.92,6.736253778774917,1.5531042666481611,0.93,8.304421133711186,100
LGBM,Logistic,0.95,0.9733333333333333,8.026741456375316,1.5531042666481611,0.96,9.496461474388994,100
Linear,LGBM,0.9,0.95,7.9419060531988155,1.6689328160775474,0.96,9.899904307688203,100
Linear,LGBM,0.95,0.9766666666666667,9.463364750406187,1.6689328160775474,0.99,11.297975468398613,100
Linear,Logistic,0.9,0.92,5.361368733099358,1.2891710239140353,0.91,5.790568526236351,100
Linear,Logistic,0.95,0.97,6.388464877685983,1.2891710239140353,0.97,6.818452377196244,100
