Learner g,Learner m,level,Coverage,CI Length,Bias,Uniform Coverage,Uniform CI Length,repetition
LGBM,LGBM,0.9,0.9761904761904762,2.2230079442703805,0.4276813504033409,1.0,5.247238539395172,14
LGBM,LGBM,0.95,1.0,2.6488773449048746,0.4276813504033409,1.0,5.3440163027911485,14
LGBM,Logistic Regression,0.9,0.9523809523809524,0.3931359271385733,0.06757264844606817,1.0,0.9257428200338476,14
LGBM,Logistic Regression,0.95,0.9523809523809524,0.46845035059347484,0.06757264844606817,1.0,0.9357386181725534,14
Lasso,LGBM,0.9,0.9285714285714286,2.0268952439420254,0.4638123785691786,1.0,4.733075582588639,14
Lasso,LGBM,0.95,0.9761904761904762,2.415194649219143,0.4638123785691786,1.0,4.8361644999116375,14
Lasso,Logistic Regression,0.9,0.9523809523809524,0.4027634382042278,0.07688414875608676,1.0,0.9256913307603943,14
Lasso,Logistic Regression,0.95,0.9761904761904762,0.4799222375992608,0.07688414875608676,1.0,0.9389115247796415,14
