Learner g,Learner m,level,Coverage,CI Length,Bias,Uniform Coverage,Uniform CI Length,repetition
LGBM,LGBM,0.9,0.8885,37.87536523730769,9.784120711881009,0.898,44.828925781533165,1000
LGBM,LGBM,0.95,0.949,45.13128131893863,9.784120711881009,0.965,51.42387403222799,1000
LGBM,Logistic,0.9,0.928,5.725128733165455,1.268560055277062,0.926,6.774304315459576,1000
LGBM,Logistic,0.95,0.962,6.821911652197591,1.268560055277062,0.961,7.7654094416927215,1000
Linear,LGBM,0.9,0.958,7.430953406859927,1.5069627173157734,0.975,8.798628447594016,1000
Linear,LGBM,0.95,0.9885,8.85452711998085,1.5069627173157734,0.992,10.090116294778499,1000
Linear,Logistic,0.9,0.8715,1.1425883251377777,0.299993836487866,0.865,1.3505222299078565,1000
Linear,Logistic,0.95,0.9295,1.3614779635902856,0.299993836487866,0.914,1.5496710496635275,1000
