Learner g,Learner m,level,Coverage,CI Length,Bias,Coverage (Lower),Coverage (Upper),RV,RVa,Bias (Lower),Bias (Upper),repetition
LGBM,LGBM,0.9,0.08571428571428572,0.2668542738595025,0.18297137425202115,0.14285714285714285,1.0,0.6114310427610333,0.190586622442589,0.16060561738439572,0.2053371311196466,35
LGBM,LGBM,0.95,0.2571428571428571,0.31797647967896914,0.18297137425202115,0.4,1.0,0.6114310427610333,0.1291525667553449,0.16060561738439572,0.2053371311196466,35
LGBM,Logistic Regr.,0.9,0.2689655172413793,0.2574480013692081,0.1509161799548195,0.18620689655172415,1.0,0.5421706160096337,0.19323512174098637,0.12952194639765482,0.17231041351198423,145
LGBM,Logistic Regr.,0.95,0.5448275862068965,0.3067682146955884,0.1509161799548195,0.5241379310344828,1.0,0.5421706160096337,0.10745562617986258,0.12952194639765482,0.17231041351198423,145
Linear Reg.,LGBM,0.9,0.0975609756097561,0.2668393325191035,0.17524217372808007,0.07317073170731707,1.0,0.6166184854541432,0.21038949010727379,0.15590555899808603,0.19457878845807408,41
Linear Reg.,LGBM,0.95,0.2926829268292683,0.31795867597377425,0.17524217372808007,0.2682926829268293,1.0,0.6166184854541432,0.13803374916742117,0.15590555899808603,0.19457878845807408,41
Linear Reg.,Logistic Regr.,0.9,0.8811188811188811,0.25897564216705166,0.08760514512781448,0.8041958041958042,1.0,0.37872148149083257,0.03858402699843757,0.06806645558318873,0.10850473740047888,143
Linear Reg.,Logistic Regr.,0.95,0.986013986013986,0.3085885109797244,0.08760514512781448,0.9790209790209791,1.0,0.37872148149083257,0.007354698850087891,0.06806645558318873,0.10850473740047888,143
