Learner g,Learner m,level,Coverage,CI Length,Bias,Uniform Coverage,Uniform CI Length,repetition
LGBM,LGBM,0.9,0.906,28.21021843292038,7.120657478889542,0.924,36.1943517986729,1000
LGBM,LGBM,0.95,0.9586666666666667,33.61454856442563,7.120657478889542,0.974,40.868020474452145,1000
LGBM,Logistic,0.9,0.918,6.789316986971467,1.5705977914191496,0.925,8.394070597867524,1000
LGBM,Logistic,0.95,0.962,8.089970168806186,1.5705977914191496,0.961,9.592284619044477,1000
Linear,LGBM,0.9,0.9276666666666666,7.903418354805325,1.7245563336966274,0.94,9.850445774370156,1000
Linear,LGBM,0.95,0.9666666666666667,9.41750382912841,1.7245563336966274,0.975,11.234392064837424,1000
Linear,Logistic,0.9,0.903,5.372532806955153,1.278875142245648,0.906,5.7964894175017925,1000
Linear,Logistic,0.95,0.9556666666666667,6.4017676921854445,1.278875142245648,0.953,6.8182385960659,1000
