Learner g,Learner m,level,Coverage,CI Length,Bias,Coverage (Lower),Coverage (Upper),RV,RVa,Bias (Lower),Bias (Upper),repetition
LGBM,LGBM,0.9,0.004,0.1086600676279557,0.1248871325452075,0.628,1.0,0.1353553056362853,0.09156673228563245,0.03586214523939752,0.2158443831645721,500
LGBM,LGBM,0.95,0.006,0.12947645651801393,0.1248871325452075,0.79,1.0,0.1353553056362853,0.07876346137344545,0.03586214523939752,0.2158443831645721,500
LGBM,Logistic Regr.,0.9,0.006,0.10925713794973317,0.12355898193009467,0.612,1.0,0.13803179200495785,0.09267025664308473,0.03717362226584051,0.21165506114211952,500
LGBM,Logistic Regr.,0.95,0.008,0.1301879096879173,0.12355898193009467,0.77,1.0,0.13803179200495785,0.0794009167389258,0.03717362226584051,0.21165506114211952,500
Linear Reg.,LGBM,0.9,0.002,0.10911119948755567,0.12558112466071447,0.686,1.0,0.13049400690631593,0.08824936106429992,0.03304409196903227,0.22073442915427174,500
Linear Reg.,LGBM,0.95,0.006,0.13001401328452894,0.12558112466071447,0.812,1.0,0.13049400690631593,0.07591896636055266,0.03304409196903227,0.22073442915427174,500
Linear Reg.,Logistic Regr.,0.9,0.726,0.11087395005119101,0.04008490040813337,1.0,1.0,0.04481920565448474,0.009476410835611529,0.05393786907024898,0.13082115084291718,500
Linear Reg.,Logistic Regr.,0.95,0.846,0.13211446013392802,0.04008490040813337,1.0,1.0,0.04481920565448474,0.00463970367440163,0.05393786907024898,0.13082115084291718,500
