Learner g,Learner m,level,Coverage,CI Length,Bias,repetition
Lasso,Logistic Regression,0.9,0.889,0.5331759172799809,0.13455425950247413,1000
Lasso,Logistic Regression,0.95,0.94,0.6353182910443254,0.13455425950247413,1000
Lasso,Random Forest,0.9,0.897,0.7349651395902699,0.18174347679882027,1000
Lasso,Random Forest,0.95,0.948,0.8757649798658234,0.18174347679882027,1000
Random Forest,Logistic Regression,0.9,0.872,0.5507712587449259,0.14924464481045588,1000
Random Forest,Logistic Regression,0.95,0.92,0.6562844335641874,0.14924464481045588,1000
Random Forest,Random Forest,0.9,0.905,0.7483114802258213,0.1823577375111621,1000
Random Forest,Random Forest,0.95,0.953,0.8916681256184124,0.1823577375111621,1000
