Learner g,Learner m,level,Coverage,CI Length,Bias,repetition
Lasso,Logistic Regression,0.9,0.875,0.467771360497192,0.12336884150536209,1000
Lasso,Logistic Regression,0.95,0.935,0.5573839547492131,0.12336884150536209,1000
Lasso,Random Forest,0.9,0.927,0.6001366139904836,0.14798855067476355,1000
Lasso,Random Forest,0.95,0.96,0.7151068824313491,0.14798855067476355,1000
Random Forest,Logistic Regression,0.9,0.796,0.5178418585688922,0.15004402486229945,1000
Random Forest,Logistic Regression,0.95,0.878,0.6170466331179857,0.15004402486229945,1000
Random Forest,Random Forest,0.9,0.897,0.6233089219687683,0.150114084240768,1000
Random Forest,Random Forest,0.95,0.953,0.7427183904293482,0.150114084240768,1000
