Learner g,Learner m,level,Coverage,CI Length,Bias,Uniform Coverage,Uniform CI Length,repetition
LGBM,LGBM,0.9,0.9066666666666666,28.21021843292038,7.1204285014294015,0.924,36.1943517986729,1000
LGBM,LGBM,0.95,0.9583333333333334,33.61454856442563,7.1204285014294015,0.974,40.868020474452145,1000
LGBM,Logistic,0.9,0.917,6.789316986971467,1.5709695238934474,0.924,8.394070597867524,1000
LGBM,Logistic,0.95,0.9633333333333334,8.089970168806186,1.5709695238934474,0.96,9.592284619044477,1000
Linear,LGBM,0.9,0.926,7.903418354805325,1.7257798274842937,0.939,9.850445774370156,1000
Linear,LGBM,0.95,0.9676666666666667,9.41750382912841,1.7257798274842937,0.974,11.234392064837424,1000
Linear,Logistic,0.9,0.9043333333333333,5.372532806955153,1.2796203798007288,0.905,5.7964894175017925,1000
Linear,Logistic,0.95,0.9573333333333334,6.4017676921854445,1.2796203798007288,0.953,6.8182385960659,1000
