Learner g,Learner m,level,Coverage,CI Length,Bias,Uniform Coverage,Uniform CI Length,repetition
LGBM,LGBM,0.9,0.9066666666666666,28.21021843292038,7.119839221829945,0.926,36.1943517986729,1000
LGBM,LGBM,0.95,0.958,33.61454856442563,7.119839221829945,0.973,40.868020474452145,1000
LGBM,Logistic,0.9,0.9126666666666666,6.789316986971467,1.5728647486614322,0.922,8.394070597867524,1000
LGBM,Logistic,0.95,0.9623333333333334,8.089970168806186,1.5728647486614322,0.96,9.592284619044477,1000
Linear,LGBM,0.9,0.9273333333333333,7.903418354805325,1.7288071038696458,0.936,9.850445774370156,1000
Linear,LGBM,0.95,0.9676666666666667,9.41750382912841,1.7288071038696458,0.974,11.234392064837424,1000
Linear,Logistic,0.9,0.9046666666666666,5.372532806955153,1.282520026769876,0.902,5.7964894175017925,1000
Linear,Logistic,0.95,0.9566666666666667,6.4017676921854445,1.282520026769876,0.953,6.8182385960659,1000
