Learner g,Learner m,level,Coverage,CI Length,Bias,repetition
Lasso,Logistic Regression,0.9,0.888,0.5331759172799809,0.13457507541575686,1000
Lasso,Logistic Regression,0.95,0.94,0.6353182910443254,0.13457507541575686,1000
Lasso,Random Forest,0.9,0.899,0.7392127383996425,0.18393194111981076,1000
Lasso,Random Forest,0.95,0.952,0.8808263060232,0.18393194111981076,1000
Random Forest,Logistic Regression,0.9,0.87,0.5504363620848345,0.1495150196073516,1000
Random Forest,Logistic Regression,0.95,0.921,0.6558853795805581,0.1495150196073516,1000
Random Forest,Random Forest,0.9,0.906,0.7427543098020616,0.1818807384731993,1000
Random Forest,Random Forest,0.95,0.947,0.8850463486359177,0.1818807384731993,1000
