Learner g,Learner m,level,Coverage,CI Length,Bias,Coverage (Lower),Coverage (Upper),RV,RVa,Bias (Lower),Bias (Upper),repetition
LGBM,LGBM,0.9,0.702,0.348892741328716,0.13535473129404849,0.866,1.0,0.14814941015884528,0.03471990710308105,0.07408260444191442,0.2191521751504051,500
LGBM,LGBM,0.95,0.826,0.41573134306126747,0.13535473129404849,0.946,1.0,0.14814941015884528,0.01783797201354527,0.07408260444191442,0.2191521751504051,500
LGBM,Logistic Regr.,0.9,0.714,0.34666910502599596,0.13078975736827733,0.892,1.0,0.13864579474412556,0.03184586999551774,0.07116002964127284,0.21777748831976124,500
LGBM,Logistic Regr.,0.95,0.834,0.41308171698108886,0.13078975736827733,0.962,1.0,0.13864579474412556,0.01569858545000909,0.07116002964127284,0.21777748831976124,500
Linear Reg.,LGBM,0.9,0.754,0.3496967006881292,0.12455057551341778,0.906,1.0,0.13502653577579074,0.027986119538362348,0.06983100367551705,0.20825273879603212,500
Linear Reg.,LGBM,0.95,0.858,0.416689319724762,0.12455057551341778,0.964,1.0,0.13502653577579074,0.013659468776414788,0.06983100367551705,0.20825273879603212,500
Linear Reg.,Logistic Regr.,0.9,0.948,0.3502540540945954,0.07444772768321123,0.988,1.0,0.08070428870648029,0.005806820656297624,0.07373161264871993,0.13996306144234366,500
Linear Reg.,Logistic Regr.,0.95,0.976,0.41735344727108903,0.07444772768321123,0.996,1.0,0.08070428870648029,0.0021834680946316264,0.07373161264871993,0.13996306144234366,500
