Learner g,Learner m,level,Coverage,CI Length,Bias,repetition
Lasso,Logistic Regression,0.9,1.0,0.7906598977114294,0.20919251442558645,8
Lasso,Logistic Regression,0.95,1.0,0.9421293774368437,0.20919251442558645,8
Lasso,Random Forest,0.9,1.0,0.7771990159091415,0.1647442349677961,8
Lasso,Random Forest,0.95,1.0,0.9260897474659191,0.1647442349677961,8
Random Forest,Logistic Regression,0.9,0.875,0.7120050464359424,0.23639944081029385,8
Random Forest,Logistic Regression,0.95,1.0,0.8484063414272346,0.23639944081029385,8
Random Forest,Random Forest,0.9,0.875,0.6766183428179414,0.21475440087554554,8
Random Forest,Random Forest,0.95,0.875,0.8062404833311444,0.21475440087554554,8
