Learner g,Learner m,level,Coverage,CI Length,Bias,Coverage (Lower),Coverage (Upper),RV,RVa,Bias (Lower),Bias (Upper),repetition
LGBM,LGBM,0.9,0.702,0.348892741328716,0.1353547312940485,0.95,1.0,0.10509293446782589,0.024288450266824572,0.06499582700735684,0.25876253126104387,500
LGBM,LGBM,0.95,0.826,0.41573134306126747,0.1353547312940485,0.982,1.0,0.10509293446782589,0.012452066983782116,0.06499582700735684,0.25876253126104387,500
LGBM,Logistic Regr.,0.9,0.714,0.34666910502599596,0.13078975736827733,0.964,1.0,0.0981701852821437,0.022246998237972524,0.06545442330246612,0.2589976808508975,500
LGBM,Logistic Regr.,0.95,0.834,0.41308171698108886,0.13078975736827733,0.984,1.0,0.0981701852821437,0.010949342084431735,0.06545442330246612,0.2589976808508975,500
Linear Reg.,LGBM,0.9,0.754,0.3496967006881292,0.12455057551341779,0.962,1.0,0.09867724125956995,0.0202175935504151,0.06504946816195568,0.2439341901457105,500
Linear Reg.,LGBM,0.95,0.858,0.4166893197247619,0.12455057551341779,0.986,1.0,0.09867724125956995,0.009856683129418066,0.06504946816195568,0.2439341901457105,500
Linear Reg.,Logistic Regr.,0.9,0.948,0.3502540540945954,0.07444772768321123,0.996,1.0,0.05840145836627322,0.004181143741279689,0.09544484272838333,0.17545346180009289,500
Linear Reg.,Logistic Regr.,0.95,0.976,0.41735344727108903,0.07444772768321123,0.998,1.0,0.05840145836627322,0.0015739249195781788,0.09544484272838333,0.17545346180009289,500
