Learner g,Learner m,level,Coverage,CI Length,Bias,repetition
Lasso,Logistic Regression,0.9,0.875,0.467771360497192,0.12336884150536215,1000
Lasso,Logistic Regression,0.95,0.935,0.5573839547492131,0.12336884150536215,1000
Lasso,Random Forest,0.9,0.909,0.5986699126576687,0.1437194448121057,1000
Lasso,Random Forest,0.95,0.958,0.7133591999985225,0.1437194448121057,1000
Random Forest,Logistic Regression,0.9,0.8,0.5165274317458133,0.14990700956657027,1000
Random Forest,Logistic Regression,0.95,0.883,0.6154803969548793,0.14990700956657027,1000
Random Forest,Random Forest,0.9,0.891,0.6264098177762909,0.1516133190457161,1000
Random Forest,Random Forest,0.95,0.952,0.7464133356834249,0.1516133190457161,1000
