Learner g,Learner m,level,Coverage,CI Length,Bias,repetition
Lasso,Logistic Regression,0.9,0.888,0.5331759172799818,0.13455904250807724,1000
Lasso,Logistic Regression,0.95,0.94,0.6353182910443266,0.13455904250807724,1000
Lasso,Random Forest,0.9,0.895,0.7287290143395332,0.1814291798201707,1000
Lasso,Random Forest,0.95,0.956,0.8683341783074026,0.1814291798201707,1000
Random Forest,Logistic Regression,0.9,0.874,0.5507581107410106,0.1503860928942412,1000
Random Forest,Logistic Regression,0.95,0.924,0.6562687667512136,0.1503860928942412,1000
Random Forest,Random Forest,0.9,0.892,0.7404725654144027,0.1797952191188561,1000
Random Forest,Random Forest,0.95,0.947,0.8823274825018979,0.1797952191188561,1000
