Learner g,Learner m,level,Coverage,CI Length,Bias,Coverage (Lower),Coverage (Upper),RV,RVa,Bias (Lower),Bias (Upper),CI Bound Length,repetition
LGBM,LGBM,0.9,0.0,0.1850901948571434,0.1728687505886857,0.94,1.0,0.11948035202564793,0.07154674763559875,0.031810817504062554,0.31670282436556935,0.431995754637111,100
LGBM,LGBM,0.95,0.0,0.2205485703210263,0.1728687505886857,0.98,1.0,0.11948035202564793,0.05745432815748635,0.031810817504062554,0.31670282436556935,0.4729106257831797,100
LGBM,Logistic Regr.,0.9,0.0,0.18131193168905674,0.15121724930885022,0.99,1.0,0.10434537281186201,0.05696357062448621,0.021088484865101825,0.29646127759826496,0.43179145449456513,100
LGBM,Logistic Regr.,0.95,0.03,0.2160464920739249,0.15121724930885022,1.0,1.0,0.10434537281186201,0.04307260925250725,0.021088484865101825,0.29646127759826496,0.47184900436363103,100
Linear Reg.,LGBM,0.9,0.0,0.18663164735761398,0.17472687461915876,0.92,1.0,0.12056131194284912,0.07240650957100214,0.03257050661484845,0.31875766896448493,0.4335837394031654,100
Linear Reg.,LGBM,0.95,0.0,0.2223853242639293,0.17472687461915876,0.99,1.0,0.12056131194284912,0.05822924694927436,0.03257050661484845,0.31875766896448493,0.47483724706967173,100
Linear Reg.,Logistic Regr.,0.9,0.56,0.1828483122747645,0.08933864685804803,1.0,1.0,0.06284434571148402,0.015959822013915787,0.05670070892745642,0.23481634587221883,0.43345409695347575,100
Linear Reg.,Logistic Regr.,0.95,0.71,0.21787720245762926,0.08933864685804803,1.0,1.0,0.06284434571148402,0.007943564313924893,0.05670070892745642,0.23481634587221883,0.4738504980497505,100
