Learner g,Learner m,level,Coverage,CI Length,Bias,repetition
Lasso,Logistic Regression,0.9,0.888,0.5331759172799809,0.13451159762471473,1000
Lasso,Logistic Regression,0.95,0.941,0.6353182910443254,0.13451159762471473,1000
Lasso,Random Forest,0.9,0.893,0.7302574772345878,0.179721833597512,1000
Lasso,Random Forest,0.95,0.956,0.8701554541807854,0.179721833597512,1000
Random Forest,Logistic Regression,0.9,0.869,0.5521000550346591,0.15039777848508581,1000
Random Forest,Logistic Regression,0.95,0.922,0.6578677920028921,0.15039777848508581,1000
Random Forest,Random Forest,0.9,0.902,0.7520609787305578,0.18190144421857504,1000
Random Forest,Random Forest,0.95,0.945,0.8961359286550816,0.18190144421857504,1000
