Learner g,Learner m,level,Coverage,CI Length,Bias,Uniform Coverage,Uniform CI Length,repetition
LGBM,LGBM,0.9,0.9063333333333333,28.21021843292038,7.1200033701167555,0.925,36.1943517986729,1000
LGBM,LGBM,0.95,0.958,33.61454856442563,7.1200033701167555,0.973,40.868020474452145,1000
LGBM,Logistic,0.9,0.9136666666666666,6.789316986971467,1.5717307211497997,0.926,8.394070597867524,1000
LGBM,Logistic,0.95,0.9626666666666667,8.089970168806186,1.5717307211497997,0.96,9.592284619044477,1000
Linear,LGBM,0.9,0.927,7.903418354805325,1.727110032102625,0.939,9.850445774370156,1000
Linear,LGBM,0.95,0.9676666666666667,9.41750382912841,1.727110032102625,0.974,11.234392064837424,1000
Linear,Logistic,0.9,0.904,5.372532806955153,1.2808273819157843,0.904,5.7964894175017925,1000
Linear,Logistic,0.95,0.957,6.4017676921854445,1.2808273819157843,0.953,6.8182385960659,1000
