Learner g,Learner m,level,Coverage,CI Length,Bias,Uniform Coverage,Uniform CI Length,repetition
LGBM,LGBM,0.9,0.9846,0.5599072166896752,0.11678958594082552,1.0,1.421763596894588,5
LGBM,LGBM,0.95,0.9872,0.6671705988998637,0.11678958594082552,1.0,1.4559804776633056,5
LGBM,Logistic Regression,0.9,0.9567,0.23010168928771355,0.05175600340939148,1.0,0.5744443654810569,5
LGBM,Logistic Regression,0.95,0.9734,0.2741830740414265,0.05175600340939148,1.0,0.5762252897590326,5
Lasso,LGBM,0.9,0.796,0.6066010684334017,0.1648132707278004,1.0,1.474631468652,5
Lasso,LGBM,0.95,0.8869,0.7228097550032395,0.1648132707278004,1.0,1.5413680788404378,5
Lasso,Logistic Regression,0.9,0.9384,0.24159850372183983,0.05233443018874987,1.0,0.589581790838278,5
Lasso,Logistic Regression,0.95,0.9650000000000001,0.28788237339464035,0.05233443018874987,1.0,0.5982607199401188,5
