Learner g,Learner m,level,Coverage,CI Length,Bias,Uniform Coverage,Uniform CI Length,repetition
LGBM,LGBM,0.9,0.9066666666666666,28.21021843292038,7.117624906701142,0.925,36.1943517986729,1000
LGBM,LGBM,0.95,0.958,33.61454856442563,7.117624906701142,0.973,40.868020474452145,1000
LGBM,Logistic,0.9,0.9136666666666666,6.789316986971467,1.572818265732698,0.922,8.394070597867524,1000
LGBM,Logistic,0.95,0.963,8.089970168806186,1.572818265732698,0.96,9.592284619044477,1000
Linear,LGBM,0.9,0.927,7.903418354805325,1.7283333079765255,0.937,9.850445774370156,1000
Linear,LGBM,0.95,0.9676666666666667,9.41750382912841,1.7283333079765255,0.974,11.234392064837424,1000
Linear,Logistic,0.9,0.9043333333333333,5.372532806955153,1.282319600330098,0.902,5.7964894175017925,1000
Linear,Logistic,0.95,0.957,6.4017676921854445,1.282319600330098,0.952,6.8182385960659,1000
