Learner g,Learner m,level,Coverage,CI Length,Bias,Uniform Coverage,Uniform CI Length,repetition
LGBM,LGBM,0.9,0.9743589743589743,2.250269968737319,0.4301357267920804,1.0,5.304836420811136,13
LGBM,LGBM,0.95,1.0,2.6813620506715994,0.4301357267920804,1.0,5.412027970630404,13
LGBM,Logistic Regression,0.9,0.9487179487179488,0.3921130459372269,0.06597596085735827,1.0,0.9229490159674885,13
LGBM,Logistic Regression,0.95,0.9487179487179488,0.4672315124657214,0.06597596085735827,1.0,0.9328101486805468,13
Lasso,LGBM,0.9,0.9230769230769231,2.0733239840667186,0.4913785660952921,1.0,4.8469885759226,13
Lasso,LGBM,0.95,0.9743589743589743,2.470517905344141,0.4913785660952921,1.0,4.942033583756497,13
Lasso,Logistic Regression,0.9,0.9487179487179488,0.40201414478214,0.07731170726230523,1.0,0.9263736565027532,13
Lasso,Logistic Regression,0.95,0.9743589743589743,0.4790293994177463,0.07731170726230523,1.0,0.9389867183744098,13
