Learner g,Learner m,level,Coverage,CI Length,Bias,repetition
Lasso,Logistic Regression,0.9,0.888,0.5331759172799809,0.13452354417969958,1000
Lasso,Logistic Regression,0.95,0.941,0.6353182910443254,0.13452354417969958,1000
Lasso,Random Forest,0.9,0.903,0.7299501387914156,0.17890617607036363,1000
Lasso,Random Forest,0.95,0.951,0.8697892378379983,0.17890617607036363,1000
Random Forest,Logistic Regression,0.9,0.873,0.5508681223214307,0.14919172056375843,1000
Random Forest,Logistic Regression,0.95,0.92,0.6563998536345526,0.14919172056375843,1000
Random Forest,Random Forest,0.9,0.902,0.7543996805167961,0.18403497407534655,1000
Random Forest,Random Forest,0.95,0.954,0.8989226637155757,0.18403497407534655,1000
