Learner g,Learner m,level,Coverage,CI Length,Bias,Coverage (Lower),Coverage (Upper),RV,RVa,Bias (Lower),Bias (Upper),repetition
LGBM Regr.,LGBM Clas.,0.9,0.742,0.34905458483668395,0.13054186381999264,0.958,1.0,0.10160519674460072,0.02147924444029479,0.06225696870603676,0.2547167550221069,500
LGBM Regr.,LGBM Clas.,0.95,0.848,0.4159241914956518,0.13054186381999264,0.988,1.0,0.10160519674460072,0.010345724353659373,0.06225696870603676,0.2547167550221069,500
LGBM Regr.,Logistic,0.9,0.76,0.3468033024136178,0.1257451763861217,0.962,1.0,0.09464538506725147,0.019042064023498208,0.062099562490136685,0.2546157792911907,500
LGBM Regr.,Logistic,0.95,0.87,0.4132416230312373,0.1257451763861217,0.99,1.0,0.09464538506725147,0.009057626091664835,0.062099562490136685,0.2546157792911907,500
Linear,LGBM Clas.,0.9,0.8,0.3498779710118114,0.11925928428374606,0.962,1.0,0.09501448425797636,0.017305926960423847,0.06259908086771278,0.23917304693135916,500
Linear,LGBM Clas.,0.95,0.888,0.4169053166378378,0.11925928428374606,0.99,1.0,0.09501448425797636,0.00818694195298031,0.06259908086771278,0.23917304693135916,500
Linear,Logistic,0.9,0.954,0.35050172092922355,0.06846426368040737,1.0,1.0,0.05373903639592994,0.0038361798530380602,0.10030761571464483,0.17007849218927298,500
Linear,Logistic,0.95,0.972,0.41764856050674876,0.06846426368040737,1.0,1.0,0.05373903639592994,0.0015020205315898524,0.10030761571464483,0.17007849218927298,500
