Learner g,Learner m,level,Coverage,CI Length,Bias,Coverage (Lower),Coverage (Upper),RV,RVa,Bias (Lower),Bias (Upper),repetition
LGBM,LGBM,0.9,0.0,0.08185376415733046,0.09930441985028234,0.636,1.0,0.13716533828436825,0.09537530016865778,0.02801760924570661,0.17059123045485805,500
LGBM,LGBM,0.95,0.0,0.09753477581147488,0.09930441985028234,0.896,1.0,0.13716533828436825,0.08314476889240816,0.02801760924570661,0.17059123045485805,500
LGBM,Logistic Regr.,0.9,0.0,0.08088549606315942,0.08151353221013875,0.98,1.0,0.11653175108923794,0.0731741403114564,0.013257586725050362,0.151193478883104,500
LGBM,Logistic Regr.,0.95,0.0,0.0963810132146949,0.08151353221013875,1.0,1.0,0.11653175108923794,0.060491680144309556,0.013257586725050362,0.151193478883104,500
Linear Reg.,LGBM,0.9,0.0,0.08297514338435641,0.09841434944308637,0.732,1.0,0.13344414349102598,0.09180822721516149,0.025645188608966436,0.17119251467986007,500
Linear Reg.,LGBM,0.95,0.0,0.09887098157590866,0.09841434944308637,0.952,1.0,0.13344414349102598,0.07961926939014227,0.025645188608966436,0.17119251467986007,500
Linear Reg.,Logistic Regr.,0.9,1.0,0.08179958249920156,0.012622522558347822,1.0,1.0,0.018568182847323037,0.00011062783975240078,0.06028651258081015,0.08203011213377766,500
Linear Reg.,Logistic Regr.,0.95,1.0,0.0974702143837495,0.012622522558347822,1.0,1.0,0.018568182847323037,4.800551202395664e-06,0.06028651258081015,0.08203011213377766,500
