Learner g,Learner m,level,Coverage,CI Length,Bias,Coverage (Lower),Coverage (Upper),RV,RVa,Bias (Lower),Bias (Upper),repetition
LGBM,LGBM,0.9,0.49,0.24396025943517974,0.12078793981792306,0.99,1.0,0.09312792462754033,0.028226037071058148,0.04146009435287488,0.25069761854571676,100
LGBM,LGBM,0.95,0.67,0.2906965789036176,0.12078793981792306,1.0,1.0,0.09312792462754033,0.01585795047607936,0.04146009435287488,0.25069761854571676,100
LGBM,Logistic Regr.,0.9,0.53,0.24426158440218287,0.11892095837667906,0.97,1.0,0.0924028336595813,0.027272723350173122,0.042150350065681345,0.2477418180760181,100
LGBM,Logistic Regr.,0.95,0.66,0.2910556297475905,0.11892095837667906,1.0,1.0,0.0924028336595813,0.015364138052493198,0.042150350065681345,0.2477418180760181,100
Linear Reg.,LGBM,0.9,0.51,0.24463965072027827,0.11756694550094914,0.98,1.0,0.0905239932672192,0.02606692134127496,0.041919687829977396,0.24763902427345857,100
Linear Reg.,LGBM,0.95,0.71,0.2915061235514726,0.11756694550094914,1.0,1.0,0.0905239932672192,0.014359552326725858,0.041919687829977396,0.24763902427345857,100
Linear Reg.,Logistic Regr.,0.9,0.95,0.24728188741382112,0.05084320840039999,1.0,1.0,0.04043535771019453,0.0022454610340575335,0.09338366625402501,0.1656214414367636,100
Linear Reg.,Logistic Regr.,0.95,0.99,0.29465454276222763,0.05084320840039999,1.0,1.0,0.04043535771019453,0.00047406259110364837,0.09338366625402501,0.1656214414367636,100
