Learner g,Learner m,level,Coverage,CI Length,Bias,repetition
Lasso,Logistic Regression,0.9,0.889,0.5331759172799809,0.1351855584332284,1000
Lasso,Logistic Regression,0.95,0.937,0.6353182910443254,0.1351855584332284,1000
Lasso,Random Forest,0.9,0.9,0.7254806184755598,0.18158167210289639,1000
Lasso,Random Forest,0.95,0.955,0.864463475895592,0.18158167210289639,1000
Random Forest,Logistic Regression,0.9,0.869,0.5498973024315036,0.14982335722803167,1000
Random Forest,Logistic Regression,0.95,0.919,0.6552430503855857,0.14982335722803167,1000
Random Forest,Random Forest,0.9,0.9,0.754141932378241,0.18774885787201864,1000
Random Forest,Random Forest,0.95,0.944,0.8986155378653647,0.18774885787201864,1000
