Learner g,Learner m,level,Coverage,CI Length,Bias,Coverage (Lower),Coverage (Upper),RV,RVa,Bias (Lower),Bias (Upper),CI Bound Length,repetition
LGBM,LGBM,0.9,0.0,0.18456010957050942,0.17337243340910458,0.95,1.0,0.11953784478980024,0.07183819359114625,0.03136325666565055,0.31756830147937315,0.43226987036337094,100
LGBM,LGBM,0.95,0.0,0.21991693474354154,0.17337243340910458,0.99,1.0,0.11953784478980024,0.057824558257341376,0.03136325666565055,0.31756830147937315,0.47305732219900365,100
LGBM,Logistic Regr.,0.9,0.0,0.1812877961255176,0.15119732710067918,0.98,1.0,0.10434720873886104,0.05696666617037721,0.021677485760078018,0.29642303876248005,0.4317358050796223,100
LGBM,Logistic Regr.,0.95,0.04,0.2160177327761319,0.15119732710067918,1.0,1.0,0.10434720873886104,0.04307608641610582,0.021677485760078018,0.29642303876248005,0.47178796413164226,100
Linear Reg.,LGBM,0.9,0.0,0.18605425587835156,0.17399977827987403,0.94,1.0,0.11990868556653686,0.07190610415701137,0.03212149599746574,0.3182707711756607,0.4335852019350203,100
Linear Reg.,LGBM,0.95,0.0,0.22169731988117328,0.17399977827987403,1.0,1.0,0.11990868556653686,0.057787828308944675,0.03212149599746574,0.3182707711756607,0.4747029383060918,100
Linear Reg.,Logistic Regr.,0.9,0.57,0.1828627595282207,0.08930473133509086,1.0,1.0,0.06281551261599926,0.015943919677551065,0.05677070380042624,0.234795381047018,0.4334912988005637,100
Linear Reg.,Logistic Regr.,0.95,0.72,0.21789441742191876,0.08930473133509086,1.0,1.0,0.06281551261599926,0.007945274454461557,0.05677070380042624,0.234795381047018,0.4738909034178378,100
