Learner g,Learner m,level,Coverage,CI Length,Bias,Coverage (Lower),Coverage (Upper),RV,RVa,Bias (Lower),Bias (Upper),repetition
LGBM,LGBM,0.9,0.124,0.26677505130115525,0.1765053922782123,0.976,1.0,0.12228979172211582,0.052362889318383975,0.04091552128481434,0.3196297552079361,250
LGBM,LGBM,0.95,0.344,0.31788208017826,0.1765053922782123,1.0,1.0,0.12228979172211582,0.032810864641097386,0.04091552128481434,0.3196297552079361,250
LGBM,Logistic Regr.,0.9,0.304,0.2579277291971309,0.14752449816798544,1.0,1.0,0.09953613548630397,0.03393799918544193,0.028764647084079123,0.29629144306647,250
LGBM,Logistic Regr.,0.95,0.56,0.3073398456600121,0.14752449816798544,1.0,1.0,0.09953613548630397,0.017771194883930825,0.028764647084079123,0.29629144306647,250
Linear Reg.,LGBM,0.9,0.128,0.26773478876971546,0.17729378162308507,0.972,1.0,0.12555203747310065,0.0541289777049747,0.04449232158924936,0.3171219058204927,250
Linear Reg.,LGBM,0.95,0.312,0.3190256779076688,0.17729378162308507,0.996,1.0,0.12555203747310065,0.03412475848766324,0.04449232158924936,0.3171219058204927,250
Linear Reg.,Logistic Regr.,0.9,0.884,0.25926273338823186,0.0876812649368125,1.0,1.0,0.06165194867300403,0.005960209905468325,0.05893348758391341,0.23285106977109127,250
Linear Reg.,Logistic Regr.,0.95,0.984,0.3089306012694445,0.0876812649368125,1.0,1.0,0.06165194867300403,0.0011440372027301212,0.05893348758391341,0.23285106977109127,250
