Learner g,Learner m,level,Coverage,CI Length,Bias,Coverage (Lower),Coverage (Upper),RV,RVa,Bias (Lower),Bias (Upper),CI Bound Length,repetition
LGBM,LGBM,0.9,0.07,0.2698259981639014,0.18382710833907953,1.0,1.0,0.0934618367601546,0.041505653337845755,0.03227697703508104,0.382441637586196,0.6083608232357008,100
LGBM,LGBM,0.95,0.26,0.32151750759365294,0.18382710833907953,1.0,1.0,0.0934618367601546,0.026750555252366862,0.03227697703508104,0.382441637586196,0.66821374482021,100
LGBM,Logistic Regr.,0.9,0.29,0.25790921955622786,0.15053371103507743,1.0,1.0,0.07299208919084316,0.02554140209640269,0.06088935933492399,0.3607952086437938,0.6215409883410642,100
LGBM,Logistic Regr.,0.95,0.57,0.3073177900625157,0.15053371103507743,1.0,1.0,0.07299208919084316,0.01351184068966981,0.06088935933492399,0.3607952086437938,0.6785267962048729,100
Linear Reg.,LGBM,0.9,0.08,0.26913194911070604,0.18173453246134896,1.0,1.0,0.09477056557669242,0.04135002511440721,0.03270793263350985,0.3758047001813371,0.6010521192150566,100
Linear Reg.,LGBM,0.95,0.24,0.32069049713784215,0.18173453246134896,1.0,1.0,0.09477056557669242,0.026630284952792325,0.03270793263350985,0.3758047001813371,0.661409651461861,100
Linear Reg.,Logistic Regr.,0.9,0.86,0.2593372579643025,0.09071141042929678,1.0,1.0,0.04555739916551309,0.004802271604119686,0.11535866633125197,0.29596134576109095,0.6134462459742914,100
Linear Reg.,Logistic Regr.,0.95,0.97,0.30901940277899403,0.09071141042929678,1.0,1.0,0.04555739916551309,0.0010804388811594201,0.11535866633125197,0.29596134576109095,0.6707462246938475,100
