Learner g,Learner m,level,Coverage,CI Length,Bias,Coverage (Lower),Coverage (Upper),RV,RVa,Bias (Lower),Bias (Upper),repetition
LGBM Regr.,LGBM Clas.,0.9,0.084,0.2668540258210539,0.18198204659615963,0.95,1.0,0.12589776145327045,0.05628191414414868,0.044383096119999466,0.32513075000880287,500
LGBM Regr.,LGBM Clas.,0.95,0.246,0.317976184122928,0.18198204659615963,0.998,1.0,0.12589776145327045,0.03630227835056437,0.044383096119999466,0.32513075000880287,500
LGBM Regr.,Logistic,0.9,0.26,0.2574630882167088,0.14916839267522197,1.0,1.0,0.10064526477515615,0.034829417508842296,0.026887536242060982,0.297933622145966,500
LGBM Regr.,Logistic,0.95,0.572,0.3067861917831888,0.14916839267522197,1.0,1.0,0.10064526477515615,0.018255506137347777,0.026887536242060982,0.297933622145966,500
Linear,LGBM Clas.,0.9,0.082,0.2672263041294733,0.1800922704825838,0.964,1.0,0.12741937328027908,0.056153203215479244,0.04433563312353054,0.31995377591144475,500
Linear,LGBM Clas.,0.95,0.258,0.31841978108789315,0.1800922704825838,0.996,1.0,0.12741937328027908,0.03559871249886926,0.04433563312353054,0.31995377591144475,500
Linear,Logistic,0.9,0.868,0.2588792120747325,0.08970647188763244,1.0,1.0,0.06307809186280441,0.006372043222062277,0.0574078098172687,0.23496351259089188,500
Linear,Logistic,0.95,0.976,0.3084736074376251,0.08970647188763244,1.0,1.0,0.06307809186280441,0.001546577328924639,0.0574078098172687,0.23496351259089188,500
