Learner g,Learner m,level,Coverage,CI Length,Bias,repetition
Lasso,Logistic Regression,0.9,1.0,0.7131461266372254,0.14844846904932793,8
Lasso,Logistic Regression,0.95,1.0,0.8497660223504128,0.14844846904932793,8
Lasso,Random Forest,0.9,1.0,0.6771257411927439,0.12254004251723567,8
Lasso,Random Forest,0.95,1.0,0.8068450857858139,0.12254004251723567,8
Random Forest,Logistic Regression,0.9,1.0,0.6458977360659424,0.08873215188158727,8
Random Forest,Logistic Regression,0.95,1.0,0.7696346225842948,0.08873215188158727,8
Random Forest,Random Forest,0.9,0.875,0.7072331267905678,0.1766829082494314,8
Random Forest,Random Forest,0.95,1.0,0.842720248458958,0.1766829082494314,8
