Learner g,Learner m,level,Coverage,CI Length,Bias,repetition
Lasso,Logistic Regression,0.9,0.875,0.467771360497192,0.12336884150536215,1000
Lasso,Logistic Regression,0.95,0.935,0.5573839547492131,0.12336884150536215,1000
Lasso,Random Forest,0.9,0.918,0.6075675690766795,0.14883418949014868,1000
Lasso,Random Forest,0.95,0.96,0.7239614115523821,0.14883418949014868,1000
Random Forest,Logistic Regression,0.9,0.794,0.5179181614571521,0.15026458264746098,1000
Random Forest,Logistic Regression,0.95,0.886,0.6171375536172053,0.15026458264746098,1000
Random Forest,Random Forest,0.9,0.887,0.6267427414652039,0.1523909615423744,1000
Random Forest,Random Forest,0.95,0.951,0.7468100387268922,0.1523909615423744,1000
