Learner g,Learner m,level,Coverage,CI Length,Bias,Uniform Coverage,Uniform CI Length,repetition
LGBM,LGBM,0.9,0.941,2.1611526373873855,0.48511146422993706,1.0,5.063646757352436,1000
LGBM,LGBM,0.95,0.9766666666666667,2.5751722007164304,0.48511146422993706,1.0,5.085406768554818,1000
LGBM,Logistic Regression,0.9,0.916,0.3904280687581478,0.08854865701618204,0.997,0.9186129412168421,1000
LGBM,Logistic Regression,0.95,0.9606666666666667,0.4652237383199531,0.08854865701618204,0.998,0.9197763724365766,1000
Lasso,LGBM,0.9,0.9043333333333333,2.047596498760145,0.49693265710872336,1.0,4.807194790243196,1000
Lasso,LGBM,0.95,0.959,2.43986171576749,0.49693265710872336,1.0,4.819825928994352,1000
Lasso,Logistic Regression,0.9,0.9173333333333333,0.400967167206407,0.08997238623406502,0.999,0.9416356317140329,1000
Lasso,Logistic Regression,0.95,0.9603333333333334,0.4777818486889552,0.08997238623406502,0.999,0.9403831822862944,1000
