Learner g,Learner m,level,Coverage,CI Length,Bias,Coverage (Lower),Coverage (Upper),RV,RVa,Bias (Lower),Bias (Upper),repetition
LGBM,LGBM,0.9,0.112,0.266748233354866,0.17891290135375168,0.962,1.0,0.12379347892728049,0.054095891921604286,0.04254708028278466,0.3221097856061725,500
LGBM,LGBM,0.95,0.318,0.31785012462427936,0.17891290135375168,0.998,1.0,0.12379347892728049,0.03441021667548577,0.04254708028278466,0.3221097856061725,500
LGBM,Logistic Regr.,0.9,0.292,0.2577778025822409,0.14922926552528684,1.0,1.0,0.1006657195129585,0.03493291437943767,0.02901299039860237,0.29794245305656236,500
LGBM,Logistic Regr.,0.95,0.548,0.30716119707955875,0.14922926552528684,1.0,1.0,0.1006657195129585,0.018697523014548717,0.02901299039860237,0.29794245305656236,500
Linear Reg.,LGBM,0.9,0.122,0.2675665174758639,0.17873104426193562,0.964,1.0,0.12647219547901067,0.05512739569620504,0.045139461545550985,0.3185732818087915,500
Linear Reg.,LGBM,0.95,0.314,0.31882517029399604,0.17873104426193562,0.998,1.0,0.12647219547901067,0.035017588858111307,0.045139461545550985,0.3185732818087915,500
Linear Reg.,Logistic Regr.,0.9,0.86,0.2592281409673473,0.08970251629543106,1.0,1.0,0.06300567732617801,0.006719868195974362,0.057203121414931786,0.2349686965177397,500
Linear Reg.,Logistic Regr.,0.95,0.974,0.30888938185760084,0.08970251629543106,1.0,1.0,0.06300567732617801,0.0014945204694376338,0.057203121414931786,0.2349686965177397,500
