Learner g,Learner m,level,Coverage,CI Length,Bias,repetition
Lasso,Logistic Regression,0.9,0.887,0.5331759172799809,0.13448727909967034,1000
Lasso,Logistic Regression,0.95,0.942,0.6353182910443254,0.13448727909967034,1000
Lasso,Random Forest,0.9,0.901,0.732502989221806,0.17916410379672257,1000
Lasso,Random Forest,0.95,0.953,0.8728311467467906,0.17916410379672257,1000
Random Forest,Logistic Regression,0.9,0.872,0.5516888939848164,0.14967076659539238,1000
Random Forest,Logistic Regression,0.95,0.923,0.6573778633938455,0.14967076659539238,1000
Random Forest,Random Forest,0.9,0.907,0.7398909146073201,0.18007616950951408,1000
Random Forest,Random Forest,0.95,0.956,0.8816344028170062,0.18007616950951408,1000
