Learner g,Learner m,level,Coverage,CI Length,Bias,repetition
Lasso,Logistic Regression,0.9,0.89,0.5331759172799809,0.1350007505870614,1000
Lasso,Logistic Regression,0.95,0.937,0.6353182910443254,0.1350007505870614,1000
Lasso,Random Forest,0.9,0.9,0.7322748202898294,0.1827151434075385,1000
Lasso,Random Forest,0.95,0.95,0.8725592666951327,0.1827151434075385,1000
Random Forest,Logistic Regression,0.9,0.869,0.5487830931792036,0.15020896899050296,1000
Random Forest,Logistic Regression,0.95,0.916,0.6539153881729932,0.15020896899050296,1000
Random Forest,Random Forest,0.9,0.9,0.7513607898901226,0.18519153423783763,1000
Random Forest,Random Forest,0.95,0.944,0.8953016021915328,0.18519153423783763,1000
