Learner g,Learner m,level,Coverage,CI Length,Bias,Uniform Coverage,Uniform CI Length,repetition
LGBM,LGBM,0.9,0.9066666666666666,28.21021843292038,7.118050410548393,0.925,36.1943517986729,1000
LGBM,LGBM,0.95,0.958,33.61454856442563,7.118050410548393,0.973,40.868020474452145,1000
LGBM,Logistic,0.9,0.9136666666666666,6.789316986971467,1.57447223146738,0.921,8.394070597867524,1000
LGBM,Logistic,0.95,0.9626666666666667,8.089970168806186,1.57447223146738,0.959,9.592284619044477,1000
Linear,LGBM,0.9,0.9273333333333333,7.903418354805325,1.7307958124719784,0.937,9.850445774370156,1000
Linear,LGBM,0.95,0.9686666666666667,9.41750382912841,1.7307958124719784,0.975,11.234392064837424,1000
Linear,Logistic,0.9,0.9053333333333333,5.372532806955153,1.284757885951191,0.902,5.7964894175017925,1000
Linear,Logistic,0.95,0.9553333333333334,6.4017676921854445,1.284757885951191,0.952,6.8182385960659,1000
