Learner g,Learner m,level,Coverage,CI Length,Bias,Uniform Coverage,Uniform CI Length,repetition
LGBM,LGBM,0.9,0.9356475000000001,0.6670555194228769,0.1482947174222056,1.0,1.689294724011131,1000
LGBM,LGBM,0.95,0.9723379999999999,0.7948456764390678,0.1482947174222056,1.0,1.6897571332817831,1000
LGBM,Logistic Regression,0.9,0.8889914999999999,0.23544529209287568,0.058506993145254954,0.996,0.595737920698468,1000
LGBM,Logistic Regression,0.95,0.942037,0.2805503695102737,0.058506993145254954,0.996,0.5990789624833717,1000
Lasso,LGBM,0.9,0.896289,0.6428742805642967,0.15829333167540963,1.0,1.6320898187101593,1000
Lasso,LGBM,0.95,0.9491539999999999,0.7660319531461224,0.15829333167540963,1.0,1.6337799284392311,1000
Lasso,Logistic Regression,0.9,0.8892920000000001,0.24738399667726235,0.061668240816651954,0.998,0.6298396366786109,1000
Lasso,Logistic Regression,0.95,0.9413365,0.2947762134541078,0.061668240816651954,0.997,0.6288417962868702,1000
