Learner g,Learner m,level,Coverage,CI Length,Bias,Coverage (Lower),Coverage (Upper),RV,RVa,Bias (Lower),Bias (Upper),repetition
LGBM,LGBM,0.9,0.09795918367346938,0.26979767912769265,0.1821217753924097,1.0,1.0,0.09243594786866559,0.040494673522359054,0.034931083457801146,0.3811385489487934,245
LGBM,LGBM,0.95,0.30612244897959184,0.3214837633807111,0.1821217753924097,1.0,1.0,0.09243594786866559,0.025920252504384952,0.034931083457801146,0.3811385489487934,245
LGBM,Logistic Regr.,0.9,0.30612244897959184,0.25780889388055256,0.1481921276548859,1.0,1.0,0.07187715697817153,0.024546744165995487,0.06294768349694302,0.35849335183083353,245
LGBM,Logistic Regr.,0.95,0.563265306122449,0.30719824464654294,0.1481921276548859,1.0,1.0,0.07187715697817153,0.012953227730808654,0.06294768349694302,0.35849335183083353,245
Linear Reg.,LGBM,0.9,0.10612244897959183,0.2695747491766244,0.18019285630080534,1.0,1.0,0.09421113740884988,0.04089415485221311,0.03462367597552903,0.37388485920180015,245
Linear Reg.,LGBM,0.95,0.2979591836734694,0.32121812595984284,0.18019285630080534,1.0,1.0,0.09421113740884988,0.026079753922994376,0.03462367597552903,0.37388485920180015,245
Linear Reg.,Logistic Regr.,0.9,0.8857142857142857,0.2592552019315289,0.08773320288603256,1.0,1.0,0.044089226784792754,0.004228149001636824,0.11817382692543607,0.2931817832302881,245
Linear Reg.,Logistic Regr.,0.95,0.9836734693877551,0.30892162698526066,0.08773320288603256,1.0,1.0,0.044089226784792754,0.0008049142525428561,0.11817382692543607,0.2931817832302881,245
