Learner g,Learner m,level,Coverage,CI Length,Bias,repetition
Lasso,Logistic Regression,0.9,0.887,0.5331759172799809,0.13448723008182129,1000
Lasso,Logistic Regression,0.95,0.942,0.6353182910443254,0.13448723008182129,1000
Lasso,Random Forest,0.9,0.895,0.7320685495582887,0.18096827990713532,1000
Lasso,Random Forest,0.95,0.948,0.8723134799586961,0.18096827990713532,1000
Random Forest,Logistic Regression,0.9,0.871,0.5508997607447915,0.1495507044107987,1000
Random Forest,Logistic Regression,0.95,0.928,0.6564375531412434,0.1495507044107987,1000
Random Forest,Random Forest,0.9,0.901,0.7500491227406757,0.18282767194851973,1000
Random Forest,Random Forest,0.95,0.948,0.8937386543823805,0.18282767194851973,1000
