Learner g,Learner m,level,Coverage,CI Length,Bias,Coverage (Lower),Coverage (Upper),RV,RVa,Bias (Lower),Bias (Upper),repetition
LGBM,LGBM,0.9,0.6666666666666666,0.3476864179827454,0.1637851628661758,0.6666666666666666,1.0,0.12287607921666034,0.06484074971459321,0.13823510535730263,0.2881236439070663,3
LGBM,LGBM,0.95,0.6666666666666666,0.4142939201361682,0.1637851628661758,0.6666666666666666,1.0,0.12287607921666034,0.055655649596688415,0.13823510535730263,0.2881236439070663,3
LGBM,Logistic Regr.,0.9,0.6666666666666666,0.3451969529845786,0.16487246940051423,0.6666666666666666,1.0,0.11706483345249806,0.06008796860388091,0.13474705647176913,0.29635581442413006,3
LGBM,Logistic Regr.,0.95,0.6666666666666666,0.4113275396283645,0.16487246940051423,0.6666666666666666,1.0,0.11706483345249806,0.05140990658392817,0.13474705647176913,0.29635581442413006,3
Linear Reg.,LGBM,0.9,0.6666666666666666,0.3481758803701525,0.15775587634105795,0.6666666666666666,1.0,0.11826677361634579,0.06439486385267594,0.14234032558251553,0.2786035041263905,3
Linear Reg.,LGBM,0.95,0.6666666666666666,0.414877150543657,0.15775587634105795,0.6666666666666666,1.0,0.11826677361634579,0.055295259321566675,0.14234032558251553,0.2786035041263905,3
Linear Reg.,Logistic Regr.,0.9,0.6666666666666666,0.3482733940351809,0.15580753277452133,0.6666666666666666,1.0,0.11599013929229766,0.049679186545450595,0.17695212191952603,0.21645808635939692,3
Linear Reg.,Logistic Regr.,0.95,0.6666666666666666,0.4149933452422765,0.15580753277452133,0.6666666666666666,1.0,0.11599013929229766,0.04040016215601388,0.17695212191952603,0.21645808635939692,3
