Learner g,Learner m,level,Tuned,Coverage,CI Length,Bias,repetition
LGBM Regr.,LGBM Clas.,0.9,False,0.98,1.917963098754478,0.3759301980407579,100
LGBM Regr.,LGBM Clas.,0.9,True,0.9,0.3286032416773015,0.08161915599017401,100
LGBM Regr.,LGBM Clas.,0.95,False,0.99,2.285393992292617,0.3759301980407579,100
LGBM Regr.,LGBM Clas.,0.95,True,0.94,0.3915549130558737,0.08161915599017401,100
