Learner g,Learner m,level,Coverage,CI Length,Bias,Coverage (Lower),Coverage (Upper),RV,RVa,Bias (Lower),Bias (Upper),repetition
LGBM,LGBM,0.9,0.09836065573770492,0.26980333552727825,0.18205252584345485,1.0,1.0,0.09239844030018919,0.04045631137696363,0.035066111350142995,0.3810774239324017,244
LGBM,LGBM,0.95,0.3073770491803279,0.32149050339653273,0.18205252584345485,1.0,1.0,0.09239844030018919,0.025884873713769935,0.035066111350142995,0.3810774239324017,244
LGBM,Logistic Regr.,0.9,0.3073770491803279,0.2578060603442706,0.14817801851576512,1.0,1.0,0.07187480682741719,0.024545078956797563,0.06295056021181017,0.35846457343559074,244
LGBM,Logistic Regr.,0.95,0.5614754098360656,0.30719486827981307,0.14817801851576512,1.0,1.0,0.07187480682741719,0.012961043152938044,0.06295056021181017,0.35846457343559074,244
Linear Reg.,LGBM,0.9,0.10655737704918032,0.26955592225259073,0.18010332737150503,1.0,1.0,0.0941627548347164,0.04084948000316684,0.03472113416565001,0.37380556783576596,244
Linear Reg.,LGBM,0.95,0.29918032786885246,0.3211956922961776,0.18010332737150503,1.0,1.0,0.0941627548347164,0.026040282694101653,0.03472113416565001,0.37380556783576596,244
Linear Reg.,Logistic Regr.,0.9,0.8852459016393442,0.25925313646720843,0.08765249652827344,1.0,1.0,0.044052229523588664,0.0042325141887964,0.11824259236043642,0.2930872570585111,244
Linear Reg.,Logistic Regr.,0.95,0.9836065573770492,0.30891916583272205,0.08765249652827344,1.0,1.0,0.044052229523588664,0.0008081901182391807,0.11824259236043642,0.2930872570585111,244
