Learner g,Learner m,level,Coverage,CI Length,Bias,Uniform Coverage,Uniform CI Length,repetition
LGBM,LGBM,0.9,0.875,42.36395860797841,10.979196838792529,0.75,50.4096834272685,4
LGBM,LGBM,0.95,0.875,50.4797702079256,10.979196838792529,1.0,57.73642898675194,4
LGBM,Logistic,0.9,0.875,6.273414703814326,0.9626319524281612,1.0,7.4488907493122305,4
LGBM,Logistic,0.95,1.0,7.475234682339819,0.9626319524281612,1.0,8.478544175469072,4
Linear,LGBM,0.9,1.0,8.247503969683102,1.4169261280274377,1.0,9.760758817611563,4
Linear,LGBM,0.95,1.0,9.827507127725058,1.4169261280274377,1.0,11.145283379758116,4
Linear,Logistic,0.9,1.0,1.195789569219755,0.27220226329212593,1.0,1.4271611133267366,4
Linear,Logistic,0.95,1.0,1.424871155923549,0.27220226329212593,1.0,1.6253764592754554,4
