Learner g,Learner m,level,Coverage,CI Length,Bias,repetition
Lasso,Logistic Regression,0.9,0.875,0.467771360497192,0.12336884150536215,1000
Lasso,Logistic Regression,0.95,0.935,0.5573839547492131,0.12336884150536215,1000
Lasso,Random Forest,0.9,0.912,0.6033525996000427,0.1470798884283924,1000
Lasso,Random Forest,0.95,0.961,0.7189389656430433,0.1470798884283924,1000
Random Forest,Logistic Regression,0.9,0.796,0.5170183758598037,0.14999135577981693,1000
Random Forest,Logistic Regression,0.95,0.879,0.6160653929484903,0.14999135577981693,1000
Random Forest,Random Forest,0.9,0.898,0.6346634640451655,0.1547114295252091,1000
Random Forest,Random Forest,0.95,0.954,0.7562481618120631,0.1547114295252091,1000
