Learner g,Learner m,level,Coverage,CI Length,Bias,repetition
Lasso,Logistic Regression,0.9,0.891,0.5331759172799808,0.1350391266439693,1000
Lasso,Logistic Regression,0.95,0.937,0.6353182910443252,0.1350391266439693,1000
Lasso,Random Forest,0.9,0.897,0.7382774835343612,0.18122786303688493,1000
Lasso,Random Forest,0.95,0.948,0.8797118811149396,0.18122786303688493,1000
Random Forest,Logistic Regression,0.9,0.872,0.5528818976331068,0.15060693615944673,1000
Random Forest,Logistic Regression,0.95,0.918,0.6587994149202312,0.15060693615944673,1000
Random Forest,Random Forest,0.9,0.899,0.7455843448660364,0.18245405782788798,1000
Random Forest,Random Forest,0.95,0.948,0.8884185434072277,0.18245405782788798,1000
