Learner g,Learner m,level,Coverage,CI Length,Bias,Coverage (Lower),Coverage (Upper),RV,RVa,Bias (Lower),Bias (Upper),repetition
LGBM,LGBM,0.9,0.3333333333333333,0.26960063303616977,0.1800482171814076,0.6666666666666666,1.0,0.12661318197651814,0.05492354390927536,0.04694785666673873,0.320737675450052,3
LGBM,LGBM,0.95,0.6666666666666666,0.32124896848081735,0.1800482171814076,1.0,1.0,0.12661318197651814,0.035054314283270105,0.04694785666673873,0.320737675450052,3
LGBM,Logistic Regr.,0.9,0.3333333333333333,0.2580918791811004,0.16404148473210256,1.0,1.0,0.11068398161813305,0.044066809565175134,0.04359188075606616,0.3115815098024255,3
LGBM,Logistic Regr.,0.95,0.6666666666666666,0.3075354424300662,0.16404148473210256,1.0,1.0,0.11068398161813305,0.02546275207799727,0.04359188075606616,0.3115815098024255,3
Linear Reg.,LGBM,0.9,0.0,0.27420398652262534,0.20215078419920976,0.6666666666666666,1.0,0.145591686751002,0.07193573299143437,0.06616374290582556,0.33813782549259397,3
Linear Reg.,LGBM,0.95,0.3333333333333333,0.32673420248202295,0.20215078419920976,0.6666666666666666,1.0,0.145591686751002,0.049744751646777524,0.06616374290582556,0.33813782549259397,3
Linear Reg.,Logistic Regr.,0.9,0.6666666666666666,0.2596184263308719,0.10241533725135928,1.0,1.0,0.07206039639295005,0.019959208417054744,0.06847453776007957,0.24621756403175432,3
Linear Reg.,Logistic Regr.,0.95,0.6666666666666666,0.30935443555214803,0.10241533725135928,1.0,1.0,0.07206039639295005,0.013271096380559635,0.06847453776007957,0.24621756403175432,3
