Learner g,Learner m,level,Coverage,CI Length,Bias,Coverage (Lower),Coverage (Upper),RV,RVa,Bias (Lower),Bias (Upper),repetition
LGBM Regr.,LGBM Clas.,0.9,0.098,0.26691111802988843,0.18092094921744792,0.978,1.0,0.1251172046448644,0.05541109257381291,0.043433798604186634,0.32421141683166593,500
LGBM Regr.,LGBM Clas.,0.95,0.24,0.31804421368572927,0.18092094921744792,0.998,1.0,0.1251172046448644,0.035581028493690985,0.043433798604186634,0.32421141683166593,500
LGBM Regr.,Logistic,0.9,0.256,0.2575176748128544,0.15034061289364611,0.996,1.0,0.1012586582476983,0.035576767083884395,0.027405858296419432,0.29927796472935253,500
LGBM Regr.,Logistic,0.95,0.526,0.3068512357243219,0.15034061289364611,1.0,1.0,0.1012586582476983,0.019006465720496604,0.027405858296419432,0.29927796472935253,500
Linear,LGBM Clas.,0.9,0.102,0.2671222767999316,0.1797932596698173,0.97,1.0,0.1272534908574333,0.05595957612301405,0.045162467154599054,0.319626676739507,500
Linear,LGBM Clas.,0.95,0.29,0.3182958248792866,0.1797932596698173,0.994,1.0,0.1272534908574333,0.035665775872197124,0.045162467154599054,0.319626676739507,500
Linear,Logistic,0.9,0.86,0.25889374169956525,0.09086526017131878,1.0,1.0,0.06376487583520295,0.006934209791007705,0.05671789492555223,0.23636519842393028,500
Linear,Logistic,0.95,0.96,0.30849092055346383,0.09086526017131878,1.0,1.0,0.06376487583520295,0.0017841395015015084,0.05671789492555223,0.23636519842393028,500
