Learner g,Learner m,level,Coverage,CI Length,Bias,Coverage (Lower),Coverage (Upper),RV,RVa,Bias (Lower),Bias (Upper),repetition
LGBM Regr.,LGBM Clas.,0.9,0.708,0.3489511146392163,0.13756848436233937,0.94,1.0,0.10664020023640788,0.02469821575907808,0.06297064757762019,0.26272747008699665,500
LGBM Regr.,LGBM Clas.,0.95,0.826,0.41580089915085766,0.13756848436233937,0.978,1.0,0.10664020023640788,0.012557304495326774,0.06297064757762019,0.26272747008699665,500
LGBM Regr.,Logistic,0.9,0.728,0.3466996212937586,0.13203748795264333,0.96,1.0,0.0989531978785329,0.02152136562411849,0.061845450573817774,0.261622864513939,500
LGBM Regr.,Logistic,0.95,0.834,0.41311807935691197,0.13203748795264333,0.988,1.0,0.0989531978785329,0.01068777225560622,0.061845450573817774,0.261622864513939,500
Linear,LGBM Clas.,0.9,0.77,0.3499025013245624,0.12450248762578023,0.968,1.0,0.09911082424887455,0.019375250746672557,0.061685830635415634,0.24526004965885637,500
Linear,LGBM Clas.,0.95,0.866,0.41693454630832866,0.12450248762578023,0.988,1.0,0.09911082424887455,0.009539652027944212,0.061685830635415634,0.24526004965885637,500
Linear,Logistic,0.9,0.936,0.3503606994029222,0.07357271764564946,0.998,1.0,0.05747974737962404,0.004779092271966848,0.0939884966306456,0.17946572893838733,500
Linear,Logistic,0.95,0.976,0.41748052299382554,0.07357271764564946,1.0,1.0,0.05747974737962404,0.0017099292842988314,0.0939884966306456,0.17946572893838733,500
