Learner g,Learner m,level,Coverage,CI Length,Bias,repetition
Lasso,Logistic Regression,0.9,0.875,0.4677713604971925,0.12336884150536206,1000
Lasso,Logistic Regression,0.95,0.935,0.5573839547492137,0.12336884150536206,1000
Lasso,Random Forest,0.9,0.906,0.6038721774116347,0.14668329264992971,1000
Lasso,Random Forest,0.95,0.956,0.7195580807917715,0.14668329264992971,1000
Random Forest,Logistic Regression,0.9,0.796,0.5170373614443368,0.1501109705536255,1000
Random Forest,Logistic Regression,0.95,0.877,0.6160880156678012,0.1501109705536255,1000
Random Forest,Random Forest,0.9,0.902,0.6290272088956537,0.15194286302659898,1000
Random Forest,Random Forest,0.95,0.947,0.7495321495665263,0.15194286302659898,1000
