Learner g,Learner m,level,Coverage,CI Length,Bias,Coverage (Lower),Coverage (Upper),RV,RVa,Bias (Lower),Bias (Upper),repetition
LGBM Regr.,LGBM Clas.,0.9,0.724,0.3490468150328256,0.1335281439881145,0.95,1.0,0.1038722101661171,0.023169595411329586,0.06489839293328352,0.2564847068835367,500
LGBM Regr.,LGBM Clas.,0.95,0.848,0.4159149332033151,0.1335281439881145,0.984,1.0,0.1038722101661171,0.011313984709802882,0.06489839293328352,0.2564847068835367,500
LGBM Regr.,Logistic,0.9,0.712,0.34686964803507303,0.13021401649938852,0.968,1.0,0.09785329627117717,0.02088828773212853,0.06357450466836227,0.25752793576799426,500
LGBM Regr.,Logistic,0.95,0.862,0.4133206787152529,0.13021401649938852,0.986,1.0,0.09785329627117717,0.010006537111844464,0.06357450466836227,0.25752793576799426,500
Linear,LGBM Clas.,0.9,0.778,0.34985166701129805,0.12304199369830472,0.968,1.0,0.09780901861894682,0.018644199845226802,0.06344115655765417,0.24215873513324584,500
Linear,LGBM Clas.,0.95,0.88,0.41687397348802135,0.12304199369830472,0.988,1.0,0.09780901861894682,0.008642793757112277,0.06344115655765417,0.24215873513324584,500
Linear,Logistic,0.9,0.956,0.35055289955459806,0.0738271575494762,0.996,1.0,0.05790900052274957,0.004015909139992085,0.0975242247284002,0.17368819501662186,500
Linear,Logistic,0.95,0.98,0.41770954360024026,0.0738271575494762,0.998,1.0,0.05790900052274957,0.0013840310375437,0.0975242247284002,0.17368819501662186,500
