Learner g,Learner m,level,Coverage,CI Length,Bias,repetition
LGBM Clas.,LGBM Clas.,0.9,0.9329999999999999,1.1960147129034748,0.24094548048195796,200
LGBM Clas.,LGBM Clas.,0.95,0.972,1.425139431169569,0.24094548048195796,200
LGBM Clas.,Logistic,0.9,0.932,1.1491710932229942,0.2296474103759401,200
LGBM Clas.,Logistic,0.95,0.97,1.3693218155624007,0.2296474103759401,200
Logistic,LGBM Clas.,0.9,0.9359999999999999,1.1629913431768941,0.22567871572576473,200
Logistic,LGBM Clas.,0.95,0.968,1.3857896590976262,0.22567871572576473,200
Logistic,Logistic,0.9,0.934,1.1208189409885447,0.22329276488816077,200
Logistic,Logistic,0.95,0.9690000000000001,1.3355381424420707,0.22329276488816077,200
