Learner g,Learner m,level,Coverage,CI Length,Bias,repetition
LGBM Clas.,LGBM Clas.,0.9,0.935,1.1830884138959616,0.24363577628567012,200
LGBM Clas.,LGBM Clas.,0.95,0.966,1.4097367958876215,0.24363577628567012,200
LGBM Clas.,Logistic,0.9,0.9470000000000001,1.1413178140016869,0.21854310075124617,200
LGBM Clas.,Logistic,0.95,0.971,1.3599640561957957,0.21854310075124617,200
Logistic,LGBM Clas.,0.9,0.932,1.1519919205445956,0.2330721806385721,200
Logistic,LGBM Clas.,0.95,0.965,1.3726830386319526,0.2330721806385721,200
Logistic,Logistic,0.9,0.9359999999999999,1.1121705811298108,0.21974489145697174,200
Logistic,Logistic,0.95,0.9670000000000001,1.3252329860617573,0.21974489145697174,200
