Learner g,Learner m,level,Coverage,CI Length,Bias,Uniform Coverage,Uniform CI Length,repetition
LGBM,LGBM,0.9,1.0,1.5565345436622513,0.2200924048543292,1.0,2.0633247440067555,2
LGBM,LGBM,0.95,1.0,1.854725305816228,0.2200924048543292,1.0,2.373785621989353,2
LGBM,Logistic Regression,0.9,1.0,1.462881225438689,0.31008235056195926,1.0,1.9893723870654898,2
LGBM,Logistic Regression,0.95,1.0,1.743130494130126,0.31008235056195926,1.0,2.2545433682551037,2
Logistic Regression,LGBM,0.9,1.0,1.5270979868445342,0.21021732064301635,1.0,2.069189098989715,2
Logistic Regression,LGBM,0.95,1.0,1.8196494849369427,0.21021732064301635,1.0,2.2979570102331213,2
Logistic Regression,Logistic Regression,0.9,1.0,1.4817563966043847,0.26398103023586394,1.0,2.0183427915618166,2
Logistic Regression,Logistic Regression,0.95,1.0,1.7656216477991353,0.26398103023586394,1.0,2.3036640581775343,2
