Learner g,Learner m,level,Coverage,CI Length,Bias,repetition
LGBM Clas.,LGBM Clas.,0.9,0.927,1.6166365116884824,0.31220031423527045,200
LGBM Clas.,LGBM Clas.,0.95,0.963,1.9263412178957202,0.31220031423527045,200
LGBM Clas.,Logistic,0.9,0.943,1.563138831397548,0.2947145026308053,200
LGBM Clas.,Logistic,0.95,0.971,1.8625948000329942,0.2947145026308053,200
Logistic,LGBM Clas.,0.9,0.9420000000000001,1.567514402933319,0.2888227334203665,200
Logistic,LGBM Clas.,0.95,0.971,1.867808615099192,0.2888227334203665,200
Logistic,Logistic,0.9,0.94,1.514063009772447,0.28729535217904684,200
Logistic,Logistic,0.95,0.9690000000000001,1.8041173517537936,0.28729535217904684,200
