Learner g,Learner m,level,Coverage,CI Length,Bias,repetition
LGBM,LGBM,0.9,0.9577777777777777,1.6624989751251327,0.32781267630898475,100
LGBM,LGBM,0.95,0.99,1.9809897137285786,0.32781267630898475,100
LGBM,Logistic Regression,0.9,0.9411111111111111,1.5914676830888603,0.32199246221295674,100
LGBM,Logistic Regression,0.95,0.97,1.8963507088437095,0.32199246221295674,100
Logistic Regression,LGBM,0.9,0.96,1.60784858202307,0.30086810092875493,100
Logistic Regression,LGBM,0.95,0.9822222222222223,1.915869753833108,0.30086810092875493,100
Logistic Regression,Logistic Regression,0.9,0.9477777777777777,1.5561898364166578,0.30507352946060423,100
Logistic Regression,Logistic Regression,0.95,0.9844444444444445,1.854314561798947,0.30507352946060423,100
