Learner g,Learner m,level,Coverage,CI Length,Bias,Uniform Coverage,Uniform CI Length,repetition
LGBM Clas.,LGBM Clas.,0.9,0.872,1.6181705726529205,0.40951487126584607,0.845,2.1354108341964264,200
LGBM Clas.,LGBM Clas.,0.95,0.9159999999999999,1.928169164280202,0.40951487126584607,0.9,2.415503519370637,200
LGBM Clas.,Logistic,0.9,0.8740000000000001,1.5610121253821851,0.3740351656285603,0.85,2.0636125204752434,200
LGBM Clas.,Logistic,0.95,0.922,1.860060673514064,0.3740351656285603,0.9,2.3356640837390916,200
Logistic,LGBM Clas.,0.9,0.88,1.5741042679593236,0.3725851701898653,0.85,2.068634959359497,200
Logistic,LGBM Clas.,0.95,0.924,1.8756609235978434,0.3725851701898653,0.9,2.3413181297561683,200
Logistic,Logistic,0.9,0.867,1.517966599775595,0.37223450094097055,0.85,1.9954916237204523,200
Logistic,Logistic,0.95,0.92,1.808768766135729,0.37223450094097055,0.92,2.260577010587138,200
