Learner g,Learner m,level,Coverage,CI Length,Bias,Uniform Coverage,Uniform CI Length,repetition
LGBM Clas.,LGBM Clas.,0.9,0.907,1.6633268414956404,0.3832694765515751,0.885,2.195582944870515,200
LGBM Clas.,LGBM Clas.,0.95,0.9470000000000001,1.981976177352831,0.3832694765515751,0.935,2.4824600181934997,200
LGBM Clas.,Logistic,0.9,0.9009999999999999,1.6061436270948157,0.36919254431923265,0.9,2.1168287667046233,200
LGBM Clas.,Logistic,0.95,0.9440000000000001,1.9138381747309388,0.36919254431923265,0.94,2.3959456398753134,200
Logistic,LGBM Clas.,0.9,0.89,1.6221649413900492,0.384184011499731,0.875,2.130874728171255,200
Logistic,LGBM Clas.,0.95,0.937,1.9329287481954314,0.384184011499731,0.93,2.41312138531884,200
Logistic,Logistic,0.9,0.888,1.5652859556745662,0.3790378210858529,0.87,2.052704952998973,200
Logistic,Logistic,0.95,0.93,1.8651532564113202,0.3790378210858529,0.945,2.3240450427903903,200
