Learner g,Learner m,level,Coverage,CI Length,Bias,Uniform Coverage,Uniform CI Length,repetition
LGBM,LGBM,0.9,0.9233333333333333,1.636872420792144,0.38490701730912247,0.94,2.2547716211801454,100
LGBM,LGBM,0.95,0.9622222222222223,1.950453790824845,0.38490701730912247,0.97,2.5400452907969764,100
LGBM,Logistic Regression,0.9,0.9088888888888889,1.5675334432220174,0.37520599979698516,0.91,2.1574364137437168,100
LGBM,Logistic Regression,0.95,0.95,1.8678313030025362,0.37520599979698516,0.95,2.4273297337432616,100
Logistic Regression,LGBM,0.9,0.9188888888888889,1.6190226009242576,0.3723322348549169,0.92,2.208051172256097,100
Logistic Regression,LGBM,0.95,0.9644444444444444,1.9291844185850637,0.3723322348549169,0.98,2.487384422889672,100
Logistic Regression,Logistic Regression,0.9,0.9066666666666667,1.5642497785562741,0.3720685867269132,0.9,2.1368366984439215,100
Logistic Regression,Logistic Regression,0.95,0.9477777777777777,1.8639185752213465,0.3720685867269132,0.95,2.4083334749081065,100
