Learner g,Learner m,level,Coverage,CI Length,Bias,repetition
LGBM,LGBM,0.9,0.9555555555555556,1.66321620624998,0.3284263742464512,100
LGBM,LGBM,0.95,0.99,1.981844347326522,0.3284263742464512,100
LGBM,Logistic Regression,0.9,0.94,1.5908839858741473,0.3223226401266836,100
LGBM,Logistic Regression,0.95,0.97,1.895655190713726,0.3223226401266836,100
Logistic Regression,LGBM,0.9,0.96,1.608014493093479,0.30127114517689874,100
Logistic Regression,LGBM,0.95,0.9822222222222223,1.9160674490670855,0.30127114517689874,100
Logistic Regression,Logistic Regression,0.9,0.9455555555555556,1.5575395613858485,0.3056688186896892,100
Logistic Regression,Logistic Regression,0.95,0.9844444444444445,1.8559228582973721,0.3056688186896892,100
