Learner g,Learner m,level,Coverage,CI Length,Bias,repetition
LGBM,LGBM,0.9,0.94,1.1717023704378204,0.23177376824257415,100
LGBM,LGBM,0.95,0.9722222222222223,1.396169488293374,0.23177376824257415,100
LGBM,Logistic Regression,0.9,0.95,1.1248327860637255,0.2271354130168218,100
LGBM,Logistic Regression,0.95,0.9755555555555556,1.3403209338454969,0.2271354130168218,100
Logistic Regression,LGBM,0.9,0.95,1.1516756381210271,0.22092321662449366,100
Logistic Regression,LGBM,0.95,0.9811111111111112,1.372306164879188,0.22092321662449366,100
Logistic Regression,Logistic Regression,0.9,0.9533333333333333,1.1095156391492578,0.20615547550299898,100
Logistic Regression,Logistic Regression,0.95,0.9788888888888888,1.3220694275677582,0.20615547550299898,100
