Learner g,Learner m,level,Coverage,CI Length,Bias,repetition
LGBM Clas.,LGBM Clas.,0.9,0.935,1.678879388568732,0.31691835808807167,200
LGBM Clas.,LGBM Clas.,0.95,0.965,2.0005081802202342,0.31691835808807167,200
LGBM Clas.,Logistic,0.9,0.935,1.621053614944002,0.309555060210687,200
LGBM Clas.,Logistic,0.95,0.966,1.93160452105836,0.309555060210687,200
Logistic,LGBM Clas.,0.9,0.9279999999999999,1.6303000750790089,0.3127093206367988,200
Logistic,LGBM Clas.,0.95,0.9590000000000001,1.9426223578750537,0.3127093206367988,200
Logistic,Logistic,0.9,0.932,1.5733563331643035,0.2975937700943579,200
Logistic,Logistic,0.95,0.965,1.874769704320332,0.2975937700943579,200
