Learner g,Learner m,level,Coverage,CI Length,Bias,repetition
LGBM,LGBM,0.9,0.94,1.1717023704378204,0.23183406397860207,100
LGBM,LGBM,0.95,0.9733333333333333,1.396169488293374,0.23183406397860207,100
LGBM,Logistic Regression,0.9,0.95,1.124933562445929,0.2275644497861777,100
LGBM,Logistic Regression,0.95,0.9766666666666667,1.3404410163114224,0.2275644497861777,100
Logistic Regression,LGBM,0.9,0.9477777777777777,1.1516756381210262,0.22097742768241296,100
Logistic Regression,LGBM,0.95,0.9811111111111112,1.3723061648791872,0.22097742768241296,100
Logistic Regression,Logistic Regression,0.9,0.9533333333333333,1.1085912475488997,0.20668700656290437,100
Logistic Regression,Logistic Regression,0.95,0.9788888888888888,1.3209679470380462,0.20668700656290437,100
