Learner g,Learner m,level,Coverage,CI Length,Bias,Uniform Coverage,Uniform CI Length,repetition
LGBM,LGBM,0.9,0.9233333333333333,1.636872420792144,0.3849163075483558,0.94,2.2547716211801454,100
LGBM,LGBM,0.95,0.9633333333333333,1.950453790824845,0.3849163075483558,0.97,2.5400452907969764,100
LGBM,Logistic Regression,0.9,0.9077777777777777,1.5675486277219108,0.3750309062078869,0.91,2.157430608143212,100
LGBM,Logistic Regression,0.95,0.95,1.8678493964501393,0.3750309062078869,0.95,2.4273382603132627,100
Logistic Regression,LGBM,0.9,0.9188888888888889,1.6190226009242576,0.3723079594843724,0.92,2.208051172256097,100
Logistic Regression,LGBM,0.95,0.9644444444444444,1.9291844185850642,0.3723079594843724,0.98,2.4873844228896727,100
Logistic Regression,Logistic Regression,0.9,0.9077777777777777,1.564249778556274,0.37200263232334746,0.9,2.1368366984439215,100
Logistic Regression,Logistic Regression,0.95,0.9477777777777777,1.8639185752213465,0.37200263232334746,0.95,2.4083334749081065,100
