Learner g,Learner m,level,Coverage,CI Length,Bias,repetition
LGBM Clas.,LGBM Clas.,0.9,0.946,1.6296637808266206,0.31922961803439465,200
LGBM Clas.,LGBM Clas.,0.95,0.965,1.9418641665090766,0.31922961803439465,200
LGBM Clas.,Logistic,0.9,0.94,1.5840129690335032,0.3094090506782375,200
LGBM Clas.,Logistic,0.95,0.97,1.8874678691647622,0.3094090506782375,200
Logistic,LGBM Clas.,0.9,0.93,1.5829510778239204,0.31056212030323144,200
Logistic,LGBM Clas.,0.95,0.965,1.8862025477451665,0.31056212030323144,200
Logistic,Logistic,0.9,0.941,1.5420148214413294,0.2867899782486625,200
Logistic,Logistic,0.95,0.97,1.8374239896673397,0.2867899782486625,200
