Learner g,Learner m,level,Coverage,CI Length,Bias,repetition
LGBM,LGBM,0.9,0.94,1.1717023704378204,0.23180102735661154,100
LGBM,LGBM,0.95,0.9722222222222223,1.396169488293374,0.23180102735661154,100
LGBM,Logistic Regression,0.9,0.95,1.1248311184133066,0.2270596212748565,100
LGBM,Logistic Regression,0.95,0.9755555555555556,1.3403189467174592,0.2270596212748565,100
Logistic Regression,LGBM,0.9,0.9488888888888889,1.1516756381210271,0.22097455311738945,100
Logistic Regression,LGBM,0.95,0.9811111111111112,1.372306164879188,0.22097455311738945,100
Logistic Regression,Logistic Regression,0.9,0.9533333333333333,1.1095156391492575,0.20619468880954653,100
Logistic Regression,Logistic Regression,0.95,0.9788888888888888,1.3220694275677582,0.20619468880954653,100
