Learner g,Learner m,level,Coverage,CI Length,Bias,repetition
LGBM,LGBM,0.9,1.0,1.0963722561711986,0.18546959830041798,2
LGBM,LGBM,0.95,1.0,1.306408120780384,0.18546959830041798,2
LGBM,Logistic Regression,0.9,1.0,1.0226472448367907,0.1958796350995905,2
LGBM,Logistic Regression,0.95,1.0,1.2185593513776884,0.1958796350995905,2
Logistic Regression,LGBM,0.9,1.0,1.058370831137534,0.1762756052218291,2
Logistic Regression,LGBM,0.95,1.0,1.2611266299493586,0.1762756052218291,2
Logistic Regression,Logistic Regression,0.9,1.0,1.0050223453951372,0.2237954407397079,2
Logistic Regression,Logistic Regression,0.95,1.0,1.1975579883562235,0.2237954407397079,2
