Learner g,Learner m,level,Coverage,CI Length,Bias,repetition
LGBM,LGBM,0.9,0.9577777777777777,1.6624989751251327,0.32794811978077126,100
LGBM,LGBM,0.95,0.99,1.9809897137285786,0.32794811978077126,100
LGBM,Logistic Regression,0.9,0.94,1.589606393126724,0.3222751957636039,100
LGBM,Logistic Regression,0.95,0.97,1.8941328450588726,0.3222751957636039,100
Logistic Regression,LGBM,0.9,0.96,1.6078485820230732,0.3009359326740972,100
Logistic Regression,LGBM,0.95,0.9822222222222223,1.9158697538331122,0.3009359326740972,100
Logistic Regression,Logistic Regression,0.9,0.9466666666666668,1.5564190145145989,0.3055460305222601,100
Logistic Regression,Logistic Regression,0.95,0.9844444444444445,1.8545876443460196,0.3055460305222601,100
