Learner g,Learner m,level,Coverage,CI Length,Bias,repetition
LGBM,LGBM,0.9,1.0,1.5967503247261527,0.1377389923148405,2
LGBM,LGBM,0.95,1.0,1.9026453646007169,0.1377389923148405,2
LGBM,Logistic Regression,0.9,1.0,1.5295251991737089,0.20672820660100275,2
LGBM,Logistic Regression,0.95,1.0,1.8225416868144015,0.20672820660100275,2
Logistic Regression,LGBM,0.9,1.0,1.5426112569873043,0.14365813924224213,2
Logistic Regression,LGBM,0.95,1.0,1.8381346864552213,0.14365813924224213,2
Logistic Regression,Logistic Regression,0.9,1.0,1.5112866907732891,0.12292804945799343,2
Logistic Regression,Logistic Regression,0.95,1.0,1.8008091636215586,0.12292804945799343,2
