Learner g,Learner m,level,Coverage,CI Length,Bias,Uniform Coverage,Uniform CI Length,repetition
LGBM,LGBM,0.9,0.9222222222222223,1.637305644673343,0.38503084790591807,0.97,2.537401474205895,100
LGBM,LGBM,0.95,0.9633333333333333,1.9509700089189537,0.38503084790591807,0.97,2.540743316050695,100
LGBM,Logistic Regression,0.9,0.9077777777777777,1.567610661486871,0.3746727523799241,0.96,2.4298812008828907,100
LGBM,Logistic Regression,0.95,0.95,1.8679233142402427,0.3746727523799241,0.96,2.426989409655492,100
Logistic Regression,LGBM,0.9,0.9188888888888889,1.6191564064252895,0.3723549505882934,0.97,2.4910389627220546,100
Logistic Regression,LGBM,0.95,0.9644444444444444,1.929343857673539,0.3723549505882934,0.98,2.4875020541265824,100
Logistic Regression,Logistic Regression,0.9,0.9055555555555556,1.5649065591683304,0.3718045109907468,0.95,2.410261385894819,100
Logistic Regression,Logistic Regression,0.95,0.95,1.8647011775905071,0.3718045109907468,0.95,2.410761732790025,100
