Learner g,Learner m,level,Coverage,CI Length,Bias,repetition
LGBM,LGBM,0.9,0.9577777777777777,1.6624989751251327,0.3276833414641952,100
LGBM,LGBM,0.95,0.99,1.9809897137285786,0.3276833414641952,100
LGBM,Logistic Regression,0.9,0.9411111111111111,1.5914659538910119,0.32194623632362507,100
LGBM,Logistic Regression,0.95,0.9711111111111111,1.8963486483773861,0.32194623632362507,100
Logistic Regression,LGBM,0.9,0.96,1.60784858202307,0.30083496643464896,100
Logistic Regression,LGBM,0.95,0.9822222222222223,1.915869753833108,0.30083496643464896,100
Logistic Regression,Logistic Regression,0.9,0.9466666666666668,1.556189836416658,0.304958909712274,100
Logistic Regression,Logistic Regression,0.95,0.9844444444444445,1.8543145617989472,0.304958909712274,100
