Learner g,Learner m,level,Coverage,CI Length,Bias,repetition
LGBM Clas.,LGBM Clas.,0.9,0.938,1.182292560755257,0.23325691846991042,200
LGBM Clas.,LGBM Clas.,0.95,0.9690000000000001,1.4087884783794826,0.23325691846991042,200
LGBM Clas.,Logistic,0.9,0.9390000000000001,1.137086069984906,0.22432594978342146,200
LGBM Clas.,Logistic,0.95,0.9690000000000001,1.3549216221890352,0.22432594978342146,200
Logistic,LGBM Clas.,0.9,0.938,1.1527775627918269,0.22374215890669022,200
Logistic,LGBM Clas.,0.95,0.9690000000000001,1.3736191891100717,0.22374215890669022,200
Logistic,Logistic,0.9,0.943,1.111906655099774,0.2212690310065874,200
Logistic,Logistic,0.95,0.9690000000000001,1.3249184987998035,0.2212690310065874,200
