Learner g,Learner m,level,Coverage,CI Length,Bias,Uniform Coverage,Uniform CI Length,repetition
LGBM Clas.,LGBM Clas.,0.9,0.882,1.6179566817511408,0.38892858697985444,0.85,2.134204151727998,200
LGBM Clas.,LGBM Clas.,0.95,0.9329999999999999,1.9279142975508834,0.38892858697985444,0.93,2.4114959415166863,200
LGBM Clas.,Logistic,0.9,0.907,1.57231832862624,0.36746763608272737,0.865,2.0750759388885753,200
LGBM Clas.,Logistic,0.95,0.9520000000000001,1.873532845625395,0.36746763608272737,0.935,2.3491301230114727,200
Logistic,LGBM Clas.,0.9,0.892,1.5819115069451675,0.37355342356664595,0.835,2.0754682406547134,200
Logistic,LGBM Clas.,0.95,0.943,1.8849638226401801,0.37355342356664595,0.93,2.3505474278366396,200
Logistic,Logistic,0.9,0.895,1.5376032362171548,0.3646953928818029,0.86,2.0170674200183667,200
Logistic,Logistic,0.95,0.941,1.8321672616445936,0.3646953928818029,0.91,2.2852783686545495,200
