Learner g,Learner m,level,Coverage,CI Length,Bias,repetition
LGBM,LGBM,0.9,0.9615384615384616,0.5237351929828098,0.07022253983827292,2
LGBM,LGBM,0.95,1.0,0.6240689742010259,0.07022253983827292,2
LGBM,Logistic Regression,0.9,0.9230769230769231,0.39888895532923274,0.07622791500566771,2
LGBM,Logistic Regression,0.95,0.9615384615384616,0.4753055064997392,0.07622791500566771,2
Logistic Regression,LGBM,0.9,0.9615384615384616,0.5560388443935347,0.09651785937782015,2
Logistic Regression,LGBM,0.95,1.0,0.6625611490041428,0.09651785937782015,2
Logistic Regression,Logistic Regression,0.9,0.9230769230769231,0.37290112327504704,0.0723900700441922,2
Logistic Regression,Logistic Regression,0.95,0.9615384615384616,0.44433909463920096,0.0723900700441922,2
