Learner g,Learner m,level,Coverage,CI Length,Bias,repetition
LGBM,LGBM,0.9,0.9153846153846155,0.2504138111093655,0.058637832346116046,100
LGBM,LGBM,0.95,0.9623076923076923,0.298386460025268,0.058637832346116046,100
LGBM,Logistic Regression,0.9,0.9138461538461539,0.2294851617480571,0.053811638122637194,100
LGBM,Logistic Regression,0.95,0.9623076923076923,0.273448436166418,0.053811638122637194,100
Logistic Regression,LGBM,0.9,0.9192307692307692,0.25410039964172587,0.059350250451121786,100
Logistic Regression,LGBM,0.95,0.9607692307692308,0.3027793012063014,0.059350250451121786,100
Logistic Regression,Logistic Regression,0.9,0.8976923076923078,0.23093621538720735,0.05722710381019568,100
Logistic Regression,Logistic Regression,0.95,0.9538461538461539,0.2751774732222205,0.05722710381019568,100
