Learner g,Learner m,level,Coverage,CI Length,Bias,repetition
LGBM,LGBM,0.9,0.9130769230769231,0.2504138111093655,0.05865662571787472,100
LGBM,LGBM,0.95,0.9623076923076923,0.298386460025268,0.05865662571787472,100
LGBM,Logistic Regression,0.9,0.91,0.22948465548607,0.05375633654188718,100
LGBM,Logistic Regression,0.95,0.9615384615384616,0.2734478329180528,0.05375633654188718,100
Logistic Regression,LGBM,0.9,0.9192307692307692,0.25410039964172587,0.059363532936649595,100
Logistic Regression,LGBM,0.95,0.9607692307692308,0.3027793012063014,0.059363532936649595,100
Logistic Regression,Logistic Regression,0.9,0.8984615384615385,0.23093353063439134,0.057191896173723104,100
Logistic Regression,Logistic Regression,0.95,0.9553846153846153,0.27517427414192513,0.057191896173723104,100
