Learner g,Learner m,level,Coverage,CI Length,Bias,repetition
LGBM,LGBM,0.9,0.9615384615384616,0.24451112549406367,0.057753591135703566,2
LGBM,LGBM,0.95,1.0,0.2913529762985147,0.057753591135703566,2
LGBM,Logistic Regression,0.9,1.0,0.23101762821555888,0.04752546244489805,2
LGBM,Logistic Regression,0.95,1.0,0.27527448259061293,0.04752546244489805,2
Logistic Regression,LGBM,0.9,0.9615384615384616,0.26189720704181785,0.06281686418868947,2
Logistic Regression,LGBM,0.95,1.0,0.31206977024754856,0.06281686418868947,2
Logistic Regression,Logistic Regression,0.9,1.0,0.23250204250961382,0.040493455131448974,2
Logistic Regression,Logistic Regression,0.95,1.0,0.2770432713185658,0.040493455131448974,2
