Learner g,Learner m,level,Coverage,CI Length,Bias,Uniform Coverage,Uniform CI Length,repetition
LGBM,LGBM,0.9,0.8815384615384616,0.6176207568284253,0.15504772624658503,0.85,0.9336715877443045,100
LGBM,LGBM,0.95,0.9407692307692308,0.7359405236146267,0.15504772624658503,0.91,1.0306538899948843,100
LGBM,Logistic Regression,0.9,0.83,0.4257824194261344,0.12245088179297632,0.78,0.6460154145368233,100
LGBM,Logistic Regression,0.95,0.9084615384615385,0.5073510454983309,0.12245088179297632,0.84,0.714250944722706,100
Logistic Regression,LGBM,0.9,0.8961538461538461,0.6286198118927269,0.15900405481444213,0.87,0.9308233463178206,100
Logistic Regression,LGBM,0.95,0.9484615384615386,0.7490467060960178,0.15900405481444213,0.92,1.0293001363085716,100
Logistic Regression,Logistic Regression,0.9,0.8430769230769231,0.4344065634613077,0.12399216449911891,0.81,0.647334882587494,100
Logistic Regression,Logistic Regression,0.95,0.9115384615384616,0.5176273469451368,0.12399216449911891,0.86,0.7197477669291079,100
