Learner g,Learner m,level,Coverage,CI Length,Bias,repetition
LGBM,LGBM,0.9,0.9138461538461539,0.2504138111093655,0.058644803131633845,100
LGBM,LGBM,0.95,0.9607692307692308,0.298386460025268,0.058644803131633845,100
LGBM,Logistic Regression,0.9,0.9130769230769231,0.2294853436068611,0.05383096701300778,100
LGBM,Logistic Regression,0.95,0.9623076923076923,0.2734486528645486,0.05383096701300778,100
Logistic Regression,LGBM,0.9,0.916923076923077,0.25410039964172587,0.059305556876141904,100
Logistic Regression,LGBM,0.95,0.9615384615384616,0.3027793012063014,0.059305556876141904,100
Logistic Regression,Logistic Regression,0.9,0.8976923076923078,0.23093595343208725,0.057241427868032047,100
Logistic Regression,Logistic Regression,0.95,0.9546153846153846,0.27517716108344265,0.057241427868032047,100
