Learner g,Learner m,level,Coverage,CI Length,Bias,repetition
LGBM,LGBM,0.9,0.9138461538461539,0.2504140311507047,0.058644793696920064,100
LGBM,LGBM,0.95,0.9623076923076923,0.29838672222069546,0.058644793696920064,100
LGBM,Logistic Regression,0.9,0.9107692307692308,0.22947999531481827,0.053798819493082656,100
LGBM,Logistic Regression,0.95,0.9623076923076923,0.27344227998150844,0.053798819493082656,100
Logistic Regression,LGBM,0.9,0.92,0.25410065791255515,0.059369144701043736,100
Logistic Regression,LGBM,0.95,0.9607692307692308,0.3027796089549761,0.059369144701043736,100
Logistic Regression,Logistic Regression,0.9,0.8984615384615385,0.23093483140491933,0.0572259566152345,100
Logistic Regression,Logistic Regression,0.95,0.9538461538461539,0.275175824105609,0.0572259566152345,100
