Learner g,Learner m,level,Coverage,CI Length,Bias,repetition
LGBM,LGBM,0.9,0.8823076923076922,0.5804011224570385,0.1491025005152581,100
LGBM,LGBM,0.95,0.9346153846153846,0.6915905938151775,0.1491025005152581,100
LGBM,Logistic Regression,0.9,0.8115384615384617,0.3861407256651673,0.11416614656762226,100
LGBM,Logistic Regression,0.95,0.8861538461538462,0.46011505392766316,0.11416614656762226,100
Logistic Regression,LGBM,0.9,0.8853846153846153,0.5879335180942484,0.15100690944933073,100
Logistic Regression,LGBM,0.95,0.9415384615384617,0.7005659968080868,0.15100690944933073,100
Logistic Regression,Logistic Regression,0.9,0.8223076923076923,0.38942866423036987,0.1123937956401062,100
Logistic Regression,Logistic Regression,0.95,0.9015384615384616,0.46403287437416774,0.1123937956401062,100
