Learner g,Learner m,level,Coverage,CI Length,Bias,repetition
LGBM,LGBM,0.9,0.8823076923076922,0.5803991371737874,0.14929847152106648,100
LGBM,LGBM,0.95,0.9338461538461539,0.691588228204276,0.14929847152106648,100
LGBM,Logistic Regression,0.9,0.8084615384615386,0.38609391000157456,0.11453360990490458,100
LGBM,Logistic Regression,0.95,0.8861538461538462,0.4600592696237893,0.11453360990490458,100
Logistic Regression,LGBM,0.9,0.8861538461538462,0.587935872784901,0.15121678918061443,100
Logistic Regression,LGBM,0.95,0.9415384615384617,0.7005688025950566,0.15121678918061443,100
Logistic Regression,Logistic Regression,0.9,0.823076923076923,0.3894371697850446,0.11273908015992828,100
Logistic Regression,Logistic Regression,0.95,0.9015384615384616,0.4640430093676758,0.11273908015992828,100
