Learner g,Learner m,level,Coverage,CI Length,Bias,Uniform Coverage,Uniform CI Length,repetition
LGBM,LGBM,0.9,1.0,0.5610590102619124,0.07556480529531681,1.0,0.8504590135923238,2
LGBM,LGBM,0.95,1.0,0.66854304559191,0.07556480529531681,1.0,0.9394083040913723,2
LGBM,Logistic Regression,0.9,1.0,0.43672961322811854,0.06721896366419378,1.0,0.6647728639465076,2
LGBM,Logistic Regression,0.95,1.0,0.5203954314741427,0.06721896366419378,1.0,0.7234870052001293,2
Logistic Regression,LGBM,0.9,1.0,0.6012792037303926,0.05884835334617752,1.0,0.9024590999055465,2
Logistic Regression,LGBM,0.95,1.0,0.7164683620807433,0.05884835334617752,1.0,0.987259689658683,2
Logistic Regression,Logistic Regression,0.9,0.9615384615384616,0.4188009399404169,0.07592355503024735,1.0,0.6346350573706909,2
Logistic Regression,Logistic Regression,0.95,1.0,0.4990320995893432,0.07592355503024735,1.0,0.7028285765428676,2
