Learner g,Learner m,level,Coverage,CI Length,Bias,repetition
LGBM,LGBM,0.9,0.9123076923076923,0.2504140311507047,0.05863891265521266,100
LGBM,LGBM,0.95,0.9607692307692308,0.29838672222069546,0.05863891265521266,100
LGBM,Logistic Regression,0.9,0.9092307692307692,0.22947999531481827,0.05372165756199597,100
LGBM,Logistic Regression,0.95,0.9638461538461539,0.27344227998150844,0.05372165756199597,100
Logistic Regression,LGBM,0.9,0.9176923076923077,0.25410065791255515,0.059407862720588796,100
Logistic Regression,LGBM,0.95,0.96,0.3027796089549761,0.059407862720588796,100
Logistic Regression,Logistic Regression,0.9,0.9,0.23093483140491933,0.05716148874884602,100
Logistic Regression,Logistic Regression,0.95,0.9546153846153846,0.275175824105609,0.05716148874884602,100
