Learner g,Learner m,level,Coverage,CI Length,Bias,Uniform Coverage,Uniform CI Length,repetition
LGBM,LGBM,0.9,0.8815384615384616,0.6176198170058089,0.15510430274510092,0.92,1.0306891603489552,100
LGBM,LGBM,0.95,0.9407692307692308,0.7359394037469074,0.15510430274510092,0.91,1.030643062502124,100
LGBM,Logistic Regression,0.9,0.8292307692307692,0.42573541146376653,0.12255980589661215,0.84,0.714810217821508,100
LGBM,Logistic Regression,0.95,0.9076923076923077,0.5072950320563334,0.12255980589661215,0.84,0.7142192756060065,100
Logistic Regression,LGBM,0.9,0.8938461538461538,0.6286218777039094,0.15911177745247346,0.92,1.0337286651060096,100
Logistic Regression,LGBM,0.95,0.9484615384615386,0.7490491676618679,0.15911177745247346,0.92,1.0292633127290138,100
Logistic Regression,Logistic Regression,0.9,0.8438461538461539,0.4344136626666985,0.12394486413008461,0.85,0.7190878917916472,100
Logistic Regression,Logistic Regression,0.95,0.9138461538461539,0.5176358061701141,0.12394486413008461,0.86,0.719685655803884,100
