Learner g,Learner m,level,Coverage,CI Length,Bias,Uniform Coverage,Uniform CI Length,repetition
LGBM,LGBM,0.9,0.8815384615384616,0.6176198170058089,0.155124326765691,0.84,0.9336286901593056,100
LGBM,LGBM,0.95,0.9407692307692308,0.7359394037469074,0.155124326765691,0.91,1.030643062502124,100
LGBM,Logistic Regression,0.9,0.8284615384615386,0.42573541146376653,0.1225966941009003,0.78,0.646044633710332,100
LGBM,Logistic Regression,0.95,0.9076923076923077,0.5072950320563334,0.1225966941009003,0.84,0.7142192756060065,100
Logistic Regression,LGBM,0.9,0.8946153846153847,0.6286218777039094,0.15911671378850378,0.87,0.930828247622021,100
Logistic Regression,LGBM,0.95,0.9484615384615386,0.7490491676618679,0.15911671378850378,0.92,1.0292633127290138,100
Logistic Regression,Logistic Regression,0.9,0.8438461538461539,0.4344136626666985,0.12397660206914499,0.81,0.6473889683347219,100
Logistic Regression,Logistic Regression,0.95,0.9146153846153847,0.5176358061701141,0.12397660206914499,0.86,0.719685655803884,100
