Learner g,Learner m,level,Coverage,CI Length,Bias,repetition
LGBM,LGBM,0.9,0.8823076923076922,0.5804011224570385,0.14917558900311645,100
LGBM,LGBM,0.95,0.9338461538461539,0.6915905938151775,0.14917558900311645,100
LGBM,Logistic Regression,0.9,0.8115384615384617,0.38610406439934963,0.11426502373246265,100
LGBM,Logistic Regression,0.95,0.8869230769230769,0.4600713693350327,0.11426502373246265,100
Logistic Regression,LGBM,0.9,0.8869230769230769,0.5879335180942487,0.15107204460433907,100
Logistic Regression,LGBM,0.95,0.9415384615384617,0.7005659968080872,0.15107204460433907,100
Logistic Regression,Logistic Regression,0.9,0.8223076923076923,0.3894908707564202,0.11249469872415391,100
Logistic Regression,Logistic Regression,0.95,0.9015384615384616,0.4641069980218067,0.11249469872415391,100
