Learner g,Learner m,level,Coverage,CI Length,Bias,repetition
LGBM,LGBM,0.9,0.8838461538461538,0.5803991371737874,0.1490425181093338,100
LGBM,LGBM,0.95,0.9346153846153846,0.691588228204276,0.1490425181093338,100
LGBM,Logistic Regression,0.9,0.813076923076923,0.38609391000157456,0.11409482270307846,100
LGBM,Logistic Regression,0.95,0.8861538461538462,0.4600592696237893,0.11409482270307846,100
Logistic Regression,LGBM,0.9,0.8861538461538462,0.587935872784901,0.15092762401197246,100
Logistic Regression,LGBM,0.95,0.9415384615384617,0.7005688025950566,0.15092762401197246,100
Logistic Regression,Logistic Regression,0.9,0.8246153846153846,0.3894371697850446,0.11227695257898107,100
Logistic Regression,Logistic Regression,0.95,0.9038461538461539,0.4640430093676758,0.11227695257898107,100
