Learner g,Learner m,level,Coverage,CI Length,Bias,Uniform Coverage,Uniform CI Length,repetition
LGBM,LGBM,0.9,0.8823076923076922,0.6176207568284253,0.15519922876616388,0.84,0.9336715877443045,100
LGBM,LGBM,0.95,0.9392307692307692,0.7359405236146267,0.15519922876616388,0.91,1.0306538899948843,100
LGBM,Logistic Regression,0.9,0.8261538461538461,0.4257458252181111,0.1226898281791693,0.78,0.6459797086090959,100
LGBM,Logistic Regression,0.95,0.9107692307692308,0.5073074408099907,0.1226898281791693,0.84,0.7142375039945987,100
Logistic Regression,LGBM,0.9,0.8930769230769231,0.6286198118927271,0.1592095091097193,0.87,0.9308233463178209,100
Logistic Regression,LGBM,0.95,0.9476923076923077,0.7490467060960181,0.1592095091097193,0.92,1.029300136308572,100
Logistic Regression,Logistic Regression,0.9,0.8415384615384616,0.43446715078562453,0.12422823365772839,0.8,0.6474624649583857,100
Logistic Regression,Logistic Regression,0.95,0.9123076923076923,0.5176995411949078,0.12422823365772839,0.86,0.719846486999326,100
