Learner g,Learner m,level,Coverage,CI Length,Bias,repetition
LGBM,LGBM,0.9,0.9615384615384616,0.24451112549406367,0.057889431624312725,2
LGBM,LGBM,0.95,1.0,0.2913529762985147,0.057889431624312725,2
LGBM,Logistic Regression,0.9,1.0,0.23101762821555888,0.04766130293350722,2
LGBM,Logistic Regression,0.95,1.0,0.27527448259061293,0.04766130293350722,2
Logistic Regression,LGBM,0.9,0.9230769230769231,0.26189720704181785,0.06414299605594374,2
Logistic Regression,LGBM,0.95,1.0,0.31206977024754856,0.06414299605594374,2
Logistic Regression,Logistic Regression,0.9,1.0,0.23250204250961382,0.04106136708814826,2
Logistic Regression,Logistic Regression,0.95,1.0,0.2770432713185658,0.04106136708814826,2
