Learner g,Learner m,level,Coverage,CI Length,Bias,Uniform Coverage,Uniform CI Length,repetition
LGBM Clas.,LGBM Clas.,0.9,0.8857142857142857,0.6119091533344946,0.15466123618513827,0.83,0.87431953800783,200
LGBM Clas.,LGBM Clas.,0.95,0.9392857142857143,0.7291347282790106,0.15466123618513827,0.895,0.9724716396352252,200
LGBM Clas.,Logistic,0.9,0.8414285714285714,0.44675957755153617,0.12877194950989979,0.725,0.6418465368141598,200
LGBM Clas.,Logistic,0.95,0.9028571428571429,0.5323468711147352,0.12877194950989979,0.835,0.7132416415357535,200
Logistic,LGBM Clas.,0.9,0.89,0.6129040235808955,0.15303926661598033,0.83,0.8645516927626398,200
Logistic,LGBM Clas.,0.95,0.94,0.7303201892952897,0.15303926661598033,0.88,0.9644960349693998,200
Logistic,Logistic,0.9,0.8592857142857143,0.45040188642196527,0.12179153217631539,0.785,0.6382066580620731,200
Logistic,Logistic,0.95,0.925,0.536686949824257,0.12179153217631539,0.865,0.7120923308029136,200
