Learner g,Learner m,level,Coverage,CI Length,Bias,Uniform Coverage,Uniform CI Length,repetition
LGBM Clas.,LGBM Clas.,0.9,0.8721428571428571,0.6250811142351042,0.16391196246394876,0.83,0.8938663559093165,200
LGBM Clas.,LGBM Clas.,0.95,0.9328571428571428,0.74483008776143,0.16391196246394876,0.91,0.9951285879711892,200
LGBM Clas.,Logistic,0.9,0.8664285714285714,0.4563475824127607,0.1242769519340373,0.825,0.6552349151667995,200
LGBM Clas.,Logistic,0.95,0.927142857142857,0.5437716835744456,0.1242769519340373,0.905,0.7290641682104055,200
Logistic,LGBM Clas.,0.9,0.92,0.6192520613043571,0.14050842467602845,0.905,0.873815817039262,200
Logistic,LGBM Clas.,0.95,0.9585714285714286,0.7378843427899359,0.14050842467602845,0.94,0.97537292218002,200
Logistic,Logistic,0.9,0.8907142857142857,0.4547624845968767,0.11573164990154354,0.88,0.6436547419121843,200
Logistic,Logistic,0.95,0.9385714285714286,0.541882923030528,0.11573164990154354,0.94,0.7176332662822544,200
