Learner g,Learner m,level,Coverage,CI Length,Bias,Uniform Coverage,Uniform CI Length,repetition
LGBM Clas.,LGBM Clas.,0.9,0.8821428571428571,0.617101804869696,0.1564169206328714,0.815,0.883883838205828,200
LGBM Clas.,LGBM Clas.,0.95,0.9342857142857143,0.7353221542155811,0.1564169206328714,0.88,0.9823650789937496,200
LGBM Clas.,Logistic,0.9,0.8478571428571428,0.4518034235096248,0.12829648750837963,0.8,0.6470666470391672,200
LGBM Clas.,Logistic,0.95,0.9235714285714286,0.5383569842697542,0.12829648750837963,0.865,0.7203742550212913,200
Logistic,LGBM Clas.,0.9,0.8992857142857144,0.6101152858243912,0.14615613151121945,0.865,0.8609298901368315,200
Logistic,LGBM Clas.,0.95,0.95,0.7269972033009643,0.14615613151121945,0.935,0.9616862862711715,200
Logistic,Logistic,0.9,0.8707142857142857,0.45253064924826814,0.11963858185845028,0.85,0.6410713247109417,200
Logistic,Logistic,0.95,0.9364285714285714,0.5392235271845868,0.11963858185845028,0.915,0.7157783672533653,200
