Learner g,Learner m,level,Coverage,CI Length,Bias,repetition
LGBM Clas.,LGBM Clas.,0.9,0.875,0.5729628686924746,0.14933104662607077,200
LGBM Clas.,LGBM Clas.,0.95,0.9435714285714286,0.6827273677824547,0.14933104662607077,200
LGBM Clas.,Logistic,0.9,0.8485714285714286,0.4108296025589305,0.11673180804759976,200
LGBM Clas.,Logistic,0.95,0.9157142857142857,0.4895336652482356,0.11673180804759976,200
Logistic,LGBM Clas.,0.9,0.9135714285714286,0.5672228429384693,0.13384657876544737,200
Logistic,LGBM Clas.,0.95,0.9542857142857143,0.6758877052350742,0.13384657876544737,200
Logistic,Logistic,0.9,0.8807142857142857,0.4077258841626537,0.10598223062286814,200
Logistic,Logistic,0.95,0.937142857142857,0.4858353566722128,0.10598223062286814,200
