Learner g,Learner m,level,Coverage,CI Length,Bias,repetition
LGBM Clas.,LGBM Clas.,0.9,0.9057142857142857,0.25162636495287866,0.058705977832479536,200
LGBM Clas.,LGBM Clas.,0.95,0.9535714285714286,0.2998313070460974,0.058705977832479536,200
LGBM Clas.,Logistic,0.9,0.8964285714285714,0.23573718513618783,0.05676150939840453,200
LGBM Clas.,Logistic,0.95,0.9442857142857143,0.28089818152397245,0.05676150939840453,200
Logistic,LGBM Clas.,0.9,0.8935714285714286,0.252774168924015,0.06085432107563776,200
Logistic,LGBM Clas.,0.95,0.9585714285714286,0.3011989998352174,0.06085432107563776,200
Logistic,Logistic,0.9,0.9035714285714286,0.23702882479533696,0.05586671900446994,200
Logistic,Logistic,0.95,0.9542857142857143,0.2824372651065206,0.05586671900446994,200
