Learner g,Learner m,level,Coverage,CI Length,Bias,repetition
LGBM Clas.,LGBM Clas.,0.9,0.8721428571428571,0.5855383193027298,0.15439049862379853,200
LGBM Clas.,LGBM Clas.,0.95,0.932142857142857,0.6977119414135707,0.15439049862379853,200
LGBM Clas.,Logistic,0.9,0.8607142857142857,0.4157006469047894,0.1135304583367824,200
LGBM Clas.,Logistic,0.95,0.9264285714285714,0.4953378725822799,0.1135304583367824,200
Logistic,LGBM Clas.,0.9,0.9007142857142857,0.57746009123863,0.1320561476852036,200
Logistic,LGBM Clas.,0.95,0.9614285714285714,0.6880861389682303,0.1320561476852036,200
Logistic,Logistic,0.9,0.8892857142857143,0.40888219424763206,0.10270056266342995,200
Logistic,Logistic,0.95,0.9335714285714286,0.4872131851211298,0.10270056266342995,200
