Learner g,Learner m,level,Coverage,CI Length,Bias,repetition
LGBM Clas.,LGBM Clas.,0.9,0.9135714285714286,0.2547786121622827,0.06025439826660347,200
LGBM Clas.,LGBM Clas.,0.95,0.9635714285714286,0.30358744126957204,0.06025439826660347,200
LGBM Clas.,Logistic,0.9,0.925,0.23468112272452962,0.055254012231200356,200
LGBM Clas.,Logistic,0.95,0.9621428571428571,0.27963980554548934,0.055254012231200356,200
Logistic,LGBM Clas.,0.9,0.9292857142857143,0.25306018928392865,0.05756351160374336,200
Logistic,LGBM Clas.,0.95,0.9728571428571429,0.30153981411503566,0.05756351160374336,200
Logistic,Logistic,0.9,0.9235714285714286,0.23576437773394143,0.05403824556407575,200
Logistic,Logistic,0.95,0.9721428571428571,0.2809305835027078,0.05403824556407575,200
