Learner g,Learner m,level,Coverage,CI Length,Bias,repetition
LGBM Clas.,LGBM Clas.,0.9,0.9114285714285714,0.25322340912372693,0.05863607300930684,200
LGBM Clas.,LGBM Clas.,0.95,0.9514285714285714,0.3017343025499488,0.05863607300930684,200
LGBM Clas.,Logistic,0.9,0.9028571428571429,0.23575937348166215,0.057047735482004806,200
LGBM Clas.,Logistic,0.95,0.9507142857142857,0.2809246205683309,0.057047735482004806,200
Logistic,LGBM Clas.,0.9,0.9178571428571429,0.2536257290831553,0.0584307589677001,200
Logistic,LGBM Clas.,0.95,0.9607142857142857,0.3022136963499933,0.0584307589677001,200
Logistic,Logistic,0.9,0.8971428571428571,0.2359931637120258,0.05685852446847999,200
Logistic,Logistic,0.95,0.9407142857142857,0.28120319881015254,0.05685852446847999,200
