Learner g,Learner m,level,Coverage,CI Length,Bias,repetition
LGBM Clas.,LGBM Clas.,0.9,0.8835714285714286,0.577281292284823,0.14271934514647347,200
LGBM Clas.,LGBM Clas.,0.95,0.9392857142857143,0.6878730868739935,0.14271934514647347,200
LGBM Clas.,Logistic,0.9,0.8607142857142857,0.40881666521282084,0.11483649396585474,200
LGBM Clas.,Logistic,0.95,0.9142857142857143,0.4871351024601153,0.11483649396585474,200
Logistic,LGBM Clas.,0.9,0.9042857142857144,0.5673797076514296,0.13296062006394363,200
Logistic,LGBM Clas.,0.95,0.952857142857143,0.676074621069292,0.13296062006394363,200
Logistic,Logistic,0.9,0.8942857142857144,0.40507948963962115,0.10265133090656293,200
Logistic,Logistic,0.95,0.945,0.4826819831020422,0.10265133090656293,200
