Learner g,Learner m,level,Coverage,CI Length,Bias,repetition
LGBM Clas.,LGBM Clas.,0.9,0.8835714285714286,0.5723701824339644,0.14549176231056815,200
LGBM Clas.,LGBM Clas.,0.95,0.9378571428571427,0.6820211385461397,0.14549176231056815,200
LGBM Clas.,Logistic,0.9,0.84,0.4044754891818755,0.1130627263596336,200
LGBM Clas.,Logistic,0.95,0.9078571428571429,0.4819622721658046,0.1130627263596336,200
Logistic,LGBM Clas.,0.9,0.8878571428571429,0.5701038626834825,0.14084059793538922,200
Logistic,LGBM Clas.,0.95,0.9328571428571429,0.6793206520009456,0.14084059793538922,200
Logistic,Logistic,0.9,0.8521428571428571,0.40381464298983716,0.10742954627392248,200
Logistic,Logistic,0.95,0.9207142857142857,0.4811748253592969,0.10742954627392248,200
