Learner g,Learner m,Score,Control Group,In-sample-norm.,DGP,level,Tuned,Coverage,CI Length,Bias,Uniform Coverage,Uniform CI Length,Loss g_control,Loss g_treated,Loss m,repetition
LGBM Regr.,LGBM Clas.,observational,never_treated,True,1,0.9,False,0.9366666666666668,1.887529422761483,0.4078406757751923,0.97,2.3923419517019577,4.15228593515413,4.102044299300661,0.8799534697781108,100
LGBM Regr.,LGBM Clas.,observational,never_treated,True,1,0.9,True,0.9133333333333333,1.1253315787859015,0.25856668346071443,0.9,1.429389738623314,3.6012775766109666,3.6101319424740215,0.693616349570638,100
LGBM Regr.,LGBM Clas.,observational,never_treated,True,1,0.95,False,0.9866666666666667,2.2491300306330113,0.4078406757751923,0.99,2.717316302560584,4.15228593515413,4.102044299300661,0.8799534697781108,100
LGBM Regr.,LGBM Clas.,observational,never_treated,True,1,0.95,True,0.96,1.340915282032592,0.25856668346071443,0.96,1.6146455048175112,3.6012775766109666,3.6101319424740215,0.693616349570638,100
LGBM Regr.,LGBM Clas.,observational,never_treated,True,4,0.9,False,0.9366666666666668,1.8035237527862522,0.4277250604905066,0.97,2.2879701408286475,3.652463306210211,3.6708533097124714,0.8830643738769425,100
LGBM Regr.,LGBM Clas.,observational,never_treated,True,4,0.9,True,0.9033333333333333,1.0877850089585135,0.2646623250717837,0.93,1.3792469402376673,3.5143385620781493,3.5272128458553693,0.6931310978755358,100
LGBM Regr.,LGBM Clas.,observational,never_treated,True,4,0.95,False,0.98,2.149031100885831,0.4277250604905066,0.99,2.598740285490513,3.652463306210211,3.6708533097124714,0.8830643738769425,100
LGBM Regr.,LGBM Clas.,observational,never_treated,True,4,0.95,True,0.9533333333333333,1.2961757846092934,0.2646623250717837,0.96,1.5703576274240174,3.5143385620781493,3.5272128458553693,0.6931310978755358,100
