Learner g,Learner m,Score,Control Group,In-sample-norm.,DGP,level,Tuned,Coverage,CI Length,Bias,Uniform Coverage,Uniform CI Length,Loss g_control,Loss g_treated,Loss m,repetition
LGBM Regr.,LGBM Clas.,observational,never_treated,True,1,0.9,False,0.9416666666666668,1.7659541047891871,0.39308694266139194,0.93,2.4420578877328767,4.15228593515413,4.102044299300661,0.8799534697781108,100
LGBM Regr.,LGBM Clas.,observational,never_treated,True,1,0.9,True,0.9083333333333333,1.030714180672431,0.24016490667021678,0.93,1.406859901790291,3.6012775766109666,3.6101319424740215,0.693616349570638,100
LGBM Regr.,LGBM Clas.,observational,never_treated,True,1,0.95,False,0.9733333333333333,2.1042641041272394,0.39308694266139194,1.0,2.736959872483268,4.15228593515413,4.102044299300661,0.8799534697781108,100
LGBM Regr.,LGBM Clas.,observational,never_treated,True,1,0.95,True,0.96,1.2281716983029005,0.24016490667021678,0.96,1.5807763156565435,3.6012775766109666,3.6101319424740215,0.693616349570638,100
LGBM Regr.,LGBM Clas.,observational,never_treated,True,4,0.9,False,0.9366666666666668,1.7112550769045318,0.396163312403484,0.98,2.367964369489649,3.652463306210211,3.6708533097124714,0.8830643738769425,100
LGBM Regr.,LGBM Clas.,observational,never_treated,True,4,0.9,True,0.9,0.9994035644332807,0.25096323583763025,0.88,1.3714882023841133,3.5143385620781493,3.5272128458553693,0.6931310978755358,100
LGBM Regr.,LGBM Clas.,observational,never_treated,True,4,0.95,False,0.9766666666666667,2.0390861923139108,0.396163312403484,0.99,2.6584225369437418,3.652463306210211,3.6708533097124714,0.8830643738769425,100
LGBM Regr.,LGBM Clas.,observational,never_treated,True,4,0.95,True,0.95,1.1908627978895385,0.25096323583763025,0.91,1.5408540922037406,3.5143385620781493,3.5272128458553693,0.6931310978755358,100
