Learner g,Learner m,Score,Control Group,In-sample-norm.,DGP,level,Tuned,Coverage,CI Length,Bias,Uniform Coverage,Uniform CI Length,Loss g_control,Loss g_treated,Loss m,repetition
LGBM Regr.,LGBM Clas.,observational,never_treated,True,1,0.9,False,0.9075,1.044931024932891,0.24865990464197016,0.935,1.4671727358061626,3.597108107523503,2.9403917178509804,0.8534357674606872,200
LGBM Regr.,LGBM Clas.,observational,never_treated,True,1,0.9,True,0.8933333333333333,0.5855097565227854,0.13924209096865323,0.925,0.8214814724321132,3.29374008288805,2.748707897836178,0.679591632802887,200
LGBM Regr.,LGBM Clas.,observational,never_treated,True,1,0.95,False,0.9583333333333333,1.245112113101973,0.24865990464197016,0.985,1.6330868182303546,3.597108107523503,2.9403917178509804,0.8534357674606872,200
LGBM Regr.,LGBM Clas.,observational,never_treated,True,1,0.95,True,0.9508333333333333,0.6976779067620538,0.13924209096865323,0.945,0.9148690368152829,3.29374008288805,2.748707897836178,0.679591632802887,200
LGBM Regr.,LGBM Clas.,observational,never_treated,True,4,0.9,False,0.92,1.4033187650033796,0.3275689371006418,0.94,1.937780599061532,2.979241703960451,2.9994404795169123,0.8446712058892714,200
LGBM Regr.,LGBM Clas.,observational,never_treated,True,4,0.9,True,0.705,0.7446092869675938,0.27966561432340287,0.6,1.0285584537514965,2.989557883560226,3.044965814893618,0.6749671427573682,200
LGBM Regr.,LGBM Clas.,observational,never_treated,True,4,0.95,False,0.9683333333333333,1.6721574449961667,0.3275689371006418,0.975,2.1663251795251472,2.979241703960451,2.9994404795169123,0.8446712058892714,200
LGBM Regr.,LGBM Clas.,observational,never_treated,True,4,0.95,True,0.7883333333333333,0.8872566902596436,0.27966561432340287,0.745,1.153279573853566,2.989557883560226,3.044965814893618,0.6749671427573682,200
