Learner g,Learner m,Score,Control Group,In-sample-norm.,DGP,level,Tuned,Coverage,CI Length,Bias,Uniform Coverage,Uniform CI Length,Loss g_control,Loss g_treated,Loss m,repetition
LGBM Regr.,LGBM Clas.,observational,never_treated,True,2,0.9,False,0.94,2.8577555367641163,0.6133825342587731,0.96,3.492613481221878,5.382034194123735,5.231751941184026,0.8576041329426337,200
LGBM Regr.,LGBM Clas.,observational,never_treated,True,2,0.9,True,0.9016666666666667,1.7948773086487813,0.4365123984827818,0.915,2.1646873101396342,4.515059107298566,4.385233448105733,0.6919478275690014,200
LGBM Regr.,LGBM Clas.,observational,never_treated,True,3,0.9,False,0.9466666666666668,2.759668649688763,0.5928088522386004,0.95,3.3907351416744462,4.642710293777947,4.646394978665751,0.8553041170789771,200
LGBM Regr.,LGBM Clas.,observational,never_treated,True,3,0.9,True,0.9133333333333333,1.705904234575853,0.39417420205664483,0.92,2.07199694125542,4.228587388499047,4.190294595950896,0.6911269926300146,200
LGBM Regr.,LGBM Clas.,observational,never_treated,True,4,0.9,False,0.9066666666666667,2.714971017166016,0.6476594323973127,0.915,3.332849955839899,4.612699034697736,4.644364135602212,0.8550565538841952,200
LGBM Regr.,LGBM Clas.,observational,never_treated,True,4,0.9,True,0.8666666666666667,1.6906675567822227,0.43751542835810414,0.835,2.0555730584579877,4.181116753485783,4.208383450296873,0.6911607404321352,200
