Learner g,Learner m,Score,In-sample-norm.,DGP,level,Tuned,Coverage,CI Length,Bias,Uniform Coverage,Uniform CI Length,repetition
LGBM Regr.,LGBM Clas.,observational,True,4,0.9,False,0.9533333333333333,1.523584682406954,0.2957296523184597,0.98,1.9163577588137022,50
LGBM Regr.,LGBM Clas.,observational,True,4,0.9,True,0.68,0.7074931257281757,0.29440880930589985,0.6,0.9006828631295234,50
LGBM Regr.,LGBM Clas.,observational,True,4,0.95,False,0.9933333333333333,1.8154631244903028,0.2957296523184597,0.98,2.1923219567713677,50
LGBM Regr.,LGBM Clas.,observational,True,4,0.95,True,0.7666666666666666,0.8430300563016622,0.29440880930589985,0.74,1.0223420230094116,50
