Learner g,Learner m,Score,In-sample-norm.,DGP,level,Tuned,Coverage,CI Length,Bias,Uniform Coverage,Uniform CI Length,repetition
LGBM Regr.,LGBM Clas.,observational,True,1,0.9,False,0.9166666666666667,0.9768034697095042,0.23400349839993873,1.0,1.5475751781406841,2
LGBM Regr.,LGBM Clas.,observational,True,1,0.9,True,0.875,0.606470751441224,0.1614408775625408,0.5,0.9452913645347121,2
LGBM Regr.,LGBM Clas.,observational,True,1,0.95,False,1.0,1.163933124038929,0.23400349839993873,1.0,1.6901781219508825,2
LGBM Regr.,LGBM Clas.,observational,True,1,0.95,True,0.875,0.7226544727294515,0.1614408775625408,0.5,1.033662115539573,2
