Learner g,Learner m,Score,In-sample-norm.,DGP,level,Tuned,Coverage,CI Length,Bias,Uniform Coverage,Uniform CI Length,repetition
LGBM Regr.,LGBM Clas.,observational,True,1,0.9,False,0.8333333333333333,0.9347149637122762,0.21239079355381435,1.0,1.1850129288693911,2
LGBM Regr.,LGBM Clas.,observational,True,1,0.9,True,0.8333333333333333,0.5539493870014797,0.16522070900786323,1.0,0.6750979119813514,2
LGBM Regr.,LGBM Clas.,observational,True,1,0.95,False,1.0,1.1137815758610201,0.21239079355381435,1.0,1.299771642249359,2
LGBM Regr.,LGBM Clas.,observational,True,1,0.95,True,1.0,0.6600714069574607,0.16522070900786323,1.0,0.7914255322117764,2
