Learner g,Learner m,Score,Control Group,In-sample-norm.,DGP,level,Tuned,Coverage,CI Length,Bias,Uniform Coverage,Uniform CI Length,Loss g_control,Loss g_treated,Loss m,repetition
LGBM Regr.,LGBM Clas.,observational,never_treated,True,2,0.9,False,0.95,3.1884243028188433,0.6875647807747396,0.965,4.048939927801238,5.382034194123735,5.231751941184026,0.8576041329426337,200
LGBM Regr.,LGBM Clas.,observational,never_treated,True,2,0.9,True,0.9066666666666667,1.9778194633199184,0.4796319143787132,0.9,2.49805265701074,4.515059107298566,4.385233448105733,0.6919478275690014,200
LGBM Regr.,LGBM Clas.,observational,never_treated,True,3,0.9,False,0.9366666666666668,3.0424311866970903,0.6450309879669672,0.95,3.8527728896927793,4.642710293777947,4.646394978665751,0.8553041170789771,200
LGBM Regr.,LGBM Clas.,observational,never_treated,True,3,0.9,True,0.905,1.8776034902629817,0.43604823577765456,0.9,2.3803383019346724,4.228587388499047,4.190294595950896,0.6911269926300146,200
LGBM Regr.,LGBM Clas.,observational,never_treated,True,4,0.9,False,0.94,2.959079715846458,0.6564246498507638,0.94,3.750120844819083,4.612699034697736,4.644364135602212,0.8550565538841952,200
LGBM Regr.,LGBM Clas.,observational,never_treated,True,4,0.9,True,0.895,1.8657876384470495,0.46631022079997453,0.86,2.364566875339995,4.181116753485783,4.208383450296873,0.6911607404321352,200
