Learner g,Learner m,Score,In-sample-norm.,DGP,level,Tuned,Coverage,CI Length,Bias,Uniform Coverage,Uniform CI Length,repetition
LGBM Regr.,LGBM Clas.,observational,True,4,0.9,False,0.94,1.335317766310145,0.2896013491766717,0.96,1.698765271200942,50
LGBM Regr.,LGBM Clas.,observational,True,4,0.9,True,0.6666666666666667,0.7417801146292107,0.28018974004255187,0.64,0.9458331628750551,50
LGBM Regr.,LGBM Clas.,observational,True,4,0.95,False,0.98,1.5911292573400337,0.2896013491766717,0.96,1.9275714352433053,50
LGBM Regr.,LGBM Clas.,observational,True,4,0.95,True,0.8066666666666668,0.8838855234892817,0.28018974004255187,0.74,1.0623714755405609,50
