Learner g,Learner m,Score,In-sample-norm.,DGP,level,Coverage,CI Length,Bias,Uniform Coverage,Uniform CI Length,repetition
Linear,Linear,observational,False,1,0.9,0.9029166666666666,0.3186627096956461,0.07711696371410508,0.901,0.49537746791429166,1000
Linear,Linear,observational,False,1,0.95,0.95125,0.3797100386232941,0.07711696371410508,0.95,0.5448416509948917,1000
Linear,Linear,observational,True,1,0.9,0.9003333333333333,0.3167085369567106,0.07700388113671185,0.901,0.49287577992610865,1000
Linear,Linear,observational,True,1,0.95,0.9498333333333334,0.37738149818350913,0.07700388113671185,0.948,0.541465330653648,1000
