Learner g,Learner m,Score,In-sample-norm.,DGP,level,Tuned,Coverage,CI Length,Bias,Uniform Coverage,Uniform CI Length,repetition
LGBM Regr.,LGBM Clas.,observational,True,4,0.9,False,0.93,1.4917723511590009,0.31094318906305424,1.0,2.046812212784216,50
LGBM Regr.,LGBM Clas.,observational,True,4,0.9,True,0.6133333333333334,0.6538130173979115,0.2872303658356806,0.56,0.9020402355007543,50
LGBM Regr.,LGBM Clas.,observational,True,4,0.95,False,0.9866666666666667,1.777556393770557,0.31094318906305424,1.0,2.302979981417753,50
LGBM Regr.,LGBM Clas.,observational,True,4,0.95,True,0.7533333333333333,0.7790662620225798,0.2872303658356806,0.7,1.0094757455236818,50
