Learner g,Learner m,Score,Control Group,In-sample-norm.,DGP,level,Tuned,Coverage,CI Length,Bias,Uniform Coverage,Uniform CI Length,Loss g_control,Loss g_treated,Loss m,repetition
LGBM Regr.,LGBM Clas.,observational,never_treated,True,1,0.9,False,0.9116666666666667,1.0889543359860974,0.2591017535241754,0.91,1.3866236446708151,3.597108107523503,2.9403917178509804,0.8534357674606872,200
LGBM Regr.,LGBM Clas.,observational,never_treated,True,1,0.9,True,0.89,0.6229752808903669,0.15053905583073077,0.905,0.7933914451788466,3.29374008288805,2.748707897836178,0.679591632802887,200
LGBM Regr.,LGBM Clas.,observational,never_treated,True,1,0.95,False,0.9566666666666667,1.2975691237020013,0.2591017535241754,0.97,1.5696656784049068,3.597108107523503,2.9403917178509804,0.8534357674606872,200
LGBM Regr.,LGBM Clas.,observational,never_treated,True,1,0.95,True,0.9533333333333333,0.7423208325635811,0.15053905583073077,0.96,0.8996786017154156,3.29374008288805,2.748707897836178,0.679591632802887,200
LGBM Regr.,LGBM Clas.,observational,never_treated,True,4,0.9,False,0.9133333333333333,1.4454910752551433,0.3253154503600127,0.96,1.8286646948756324,2.979241703960451,2.9994404795169123,0.8446712058892714,200
LGBM Regr.,LGBM Clas.,observational,never_treated,True,4,0.9,True,0.74,0.7892476267585741,0.28546431334778133,0.645,1.0046266703621765,2.989557883560226,3.044965814893618,0.6749671427573682,200
LGBM Regr.,LGBM Clas.,observational,never_treated,True,4,0.95,False,0.9616666666666667,1.7224088521025238,0.3253154503600127,0.99,2.07498069683797,2.979241703960451,2.9994404795169123,0.8446712058892714,200
LGBM Regr.,LGBM Clas.,observational,never_treated,True,4,0.95,True,0.825,0.9404465528020834,0.28546431334778133,0.77,1.139020606132637,2.989557883560226,3.044965814893618,0.6749671427573682,200
