Learner g,Learner m,Score,Control Group,In-sample-norm.,DGP,level,Tuned,Coverage,CI Length,Bias,Uniform Coverage,Uniform CI Length,Loss g_control,Loss g_treated,Loss m,repetition
LGBM Regr.,LGBM Clas.,observational,never_treated,True,1,0.9,False,0.9120833333333332,1.1281458608527684,0.27675088039547086,0.94,1.766959072388302,3.597108107523503,2.9403917178509804,0.8534357674606872,200
LGBM Regr.,LGBM Clas.,observational,never_treated,True,1,0.9,True,0.89375,0.6376532313206807,0.15286697800217827,0.915,0.9983993286704501,3.29374008288805,2.748707897836178,0.679591632802887,200
LGBM Regr.,LGBM Clas.,observational,never_treated,True,1,0.95,False,0.9620833333333333,1.3442687059500862,0.27675088039547086,0.97,1.9367883375747112,3.597108107523503,2.9403917178509804,0.8534357674606872,200
LGBM Regr.,LGBM Clas.,observational,never_treated,True,1,0.95,True,0.9541666666666667,0.759810689252895,0.15286697800217827,0.945,1.0938791918349722,3.29374008288805,2.748707897836178,0.679591632802887,200
LGBM Regr.,LGBM Clas.,observational,never_treated,True,4,0.9,False,0.9041666666666667,1.4389904260432933,0.3468462138226047,0.91,2.2315687188052546,2.979241703960451,2.9994404795169123,0.8446712058892714,200
LGBM Regr.,LGBM Clas.,observational,never_treated,True,4,0.9,True,0.7629166666666667,0.7775230352607071,0.2683054004360395,0.63,1.2089929988521952,2.989557883560226,3.044965814893618,0.6749671427573682,200
LGBM Regr.,LGBM Clas.,observational,never_treated,True,4,0.95,False,0.9554166666666667,1.7146628508033268,0.3468462138226047,0.97,2.451356071426852,2.979241703960451,2.9994404795169123,0.8446712058892714,200
LGBM Regr.,LGBM Clas.,observational,never_treated,True,4,0.95,True,0.8429166666666668,0.926475840337015,0.2683054004360395,0.775,1.3270667190666499,2.989557883560226,3.044965814893618,0.6749671427573682,200
