Learner g,Learner m,Score,In-sample-norm.,DGP,level,Tuned,Coverage,CI Length,Bias,Uniform Coverage,Uniform CI Length,repetition
LGBM Regr.,LGBM Clas.,observational,True,1,0.9,False,1.0,0.8932471261067743,0.22134836624169563,1.0,1.2842220318304163,2
LGBM Regr.,LGBM Clas.,observational,True,1,0.9,True,0.8333333333333333,0.5517000133722438,0.171384287662864,0.5,0.7722944107543078,2
LGBM Regr.,LGBM Clas.,observational,True,1,0.95,False,1.0,1.0643695996876914,0.22134836624169563,1.0,1.4044272167279779,2
LGBM Regr.,LGBM Clas.,observational,True,1,0.95,True,0.9166666666666667,0.6573911129611814,0.171384287662864,0.5,0.8460573095770816,2
