Learner g,Learner m,Score,Control Group,In-sample-norm.,DGP,level,Tuned,Coverage,CI Length,Bias,Uniform Coverage,Uniform CI Length,Loss g_control,Loss g_treated,Loss m,repetition
LGBM Regr.,LGBM Clas.,observational,never_treated,True,1,0.9,False,0.9275,1.8593949776820482,0.4346861300386444,0.97,2.874851679530885,4.15228593515413,4.102044299300661,0.8799534697781108,100
LGBM Regr.,LGBM Clas.,observational,never_treated,True,1,0.9,True,0.9075,1.088851048708071,0.2557955033769076,0.93,1.6741086802905776,3.6012775766109666,3.6101319424740215,0.693616349570638,100
LGBM Regr.,LGBM Clas.,observational,never_treated,True,1,0.95,False,0.9758333333333333,2.215605771588204,0.4346861300386444,1.0,3.1578645489164607,4.15228593515413,4.102044299300661,0.8799534697781108,100
LGBM Regr.,LGBM Clas.,observational,never_treated,True,1,0.95,True,0.9483333333333333,1.297446049319165,0.2557955033769076,0.97,1.8440233690565457,3.6012775766109666,3.6101319424740215,0.693616349570638,100
LGBM Regr.,LGBM Clas.,observational,never_treated,True,4,0.9,False,0.9108333333333333,1.8075508119563164,0.44789904815007936,0.96,2.802110311494384,3.652463306210211,3.6708533097124714,0.8830643738769425,100
LGBM Regr.,LGBM Clas.,observational,never_treated,True,4,0.9,True,0.8933333333333333,1.058831441283919,0.26192371622931565,0.89,1.6345701645609878,3.5143385620781493,3.5272128458553693,0.6931310978755358,100
LGBM Regr.,LGBM Clas.,observational,never_treated,True,4,0.95,False,0.9683333333333333,2.153829637854477,0.44789904815007936,0.98,3.0783331083010848,3.652463306210211,3.6708533097124714,0.8830643738769425,100
LGBM Regr.,LGBM Clas.,observational,never_treated,True,4,0.95,True,0.9441666666666667,1.261675480791182,0.26192371622931565,0.96,1.7976149308747436,3.5143385620781493,3.5272128458553693,0.6931310978755358,100
