Learner g,Learner m,Score,Control Group,In-sample-norm.,DGP,level,Tuned,Coverage,CI Length,Bias,Uniform Coverage,Uniform CI Length,Loss g_control,Loss g_treated,Loss m,repetition
LGBM Regr.,LGBM Clas.,observational,never_treated,True,2,0.9,False,0.9266666666666667,3.0908848408903418,0.7161526833648638,0.96,4.742031668154074,5.382034194123735,5.231751941184026,0.8576041329426337,200
LGBM Regr.,LGBM Clas.,observational,never_treated,True,2,0.9,True,0.90125,1.8794931781846032,0.4591493790044287,0.865,2.8579990686983887,4.515059107298566,4.385233448105733,0.6919478275690014,200
LGBM Regr.,LGBM Clas.,observational,never_treated,True,3,0.9,False,0.9308333333333333,2.947927939580188,0.6723441057011548,0.96,4.521838848419626,4.642710293777947,4.646394978665751,0.8553041170789771,200
LGBM Regr.,LGBM Clas.,observational,never_treated,True,3,0.9,True,0.905,1.8011025121556412,0.4236148425151305,0.885,2.7558988253099552,4.228587388499047,4.190294595950896,0.6911269926300146,200
LGBM Regr.,LGBM Clas.,observational,never_treated,True,4,0.9,False,0.925,2.9018541428866937,0.6722860434862635,0.94,4.462288809787092,4.612699034697736,4.644364135602212,0.8550565538841952,200
LGBM Regr.,LGBM Clas.,observational,never_treated,True,4,0.9,True,0.8904166666666667,1.7864285303816843,0.4480420728291524,0.88,2.7393757933996197,4.181116753485783,4.208383450296873,0.6911607404321352,200
