Learner g,Learner m,Score,Control Group,In-sample-norm.,DGP,level,Tuned,Coverage,CI Length,Bias,Uniform Coverage,Uniform CI Length,Loss g_control,Loss g_treated,Loss m,repetition
LGBM Regr.,LGBM Clas.,observational,never_treated,True,1,0.9,False,0.9433333333333332,1.7120476117205499,0.36849188080191575,0.95,2.1085453606546345,4.15228593515413,4.102044299300661,0.8799534697781108,100
LGBM Regr.,LGBM Clas.,observational,never_treated,True,1,0.9,True,0.9233333333333333,1.016949457432688,0.22638709701961932,0.92,1.241298139223119,3.6012775766109666,3.6101319424740215,0.693616349570638,100
LGBM Regr.,LGBM Clas.,observational,never_treated,True,1,0.95,False,0.9766666666666667,2.0400305557943064,0.36849188080191575,0.98,2.406647044968694,4.15228593515413,4.102044299300661,0.8799534697781108,100
LGBM Regr.,LGBM Clas.,observational,never_treated,True,1,0.95,True,0.9633333333333333,1.211770018928512,0.22638709701961932,0.98,1.4246578476359533,3.6012775766109666,3.6101319424740215,0.693616349570638,100
LGBM Regr.,LGBM Clas.,observational,never_treated,True,4,0.9,False,0.9266666666666667,1.649219987325804,0.3783409546428835,0.95,2.036331118231633,3.652463306210211,3.6708533097124714,0.8830643738769425,100
LGBM Regr.,LGBM Clas.,observational,never_treated,True,4,0.9,True,0.8833333333333333,0.9868002437637116,0.251633620630943,0.92,1.212057651508958,3.5143385620781493,3.5272128458553693,0.6931310978755358,100
LGBM Regr.,LGBM Clas.,observational,never_treated,True,4,0.95,False,0.98,1.9651668238304254,0.3783409546428835,0.97,2.325492733909296,3.652463306210211,3.6708533097124714,0.8830643738769425,100
LGBM Regr.,LGBM Clas.,observational,never_treated,True,4,0.95,True,0.9533333333333333,1.1758450150344482,0.251633620630943,0.96,1.388067825552566,3.5143385620781493,3.5272128458553693,0.6931310978755358,100
