Learner g,Learner m,Score,In-sample-norm.,DGP,level,Tuned,Coverage,CI Length,Bias,Uniform Coverage,Uniform CI Length,repetition
LGBM Regr.,LGBM Clas.,observational,True,4,0.9,False,0.9533333333333333,1.5850230603285973,0.31390770251930433,0.96,1.9287985346498584,50
LGBM Regr.,LGBM Clas.,observational,True,4,0.9,True,0.5333333333333333,0.6805542616676624,0.31796626809821743,0.46,0.8338119946003776,50
LGBM Regr.,LGBM Clas.,observational,True,4,0.95,False,0.9733333333333333,1.888671467179226,0.31390770251930433,0.98,2.212665951882592,50
LGBM Regr.,LGBM Clas.,observational,True,4,0.95,True,0.68,0.8109304199097704,0.31796626809821743,0.62,0.9546449744673592,50
