Learner g,Learner m,Score,In-sample-norm.,DGP,level,Tuned,Coverage,CI Length,Bias,Uniform Coverage,Uniform CI Length,repetition
LGBM Regr.,LGBM Clas.,observational,True,4,0.9,False,0.9316666666666668,1.4966891600161318,0.32660664033390235,0.92,2.3216053508736927,50
LGBM Regr.,LGBM Clas.,observational,True,4,0.9,True,0.7116666666666667,0.6931755373364055,0.26877949164802883,0.52,1.075386978472972,50
LGBM Regr.,LGBM Clas.,observational,True,4,0.95,False,0.9666666666666667,1.783415132883231,0.32660664033390235,0.98,2.5480137105876035,50
LGBM Regr.,LGBM Clas.,observational,True,4,0.95,True,0.805,0.8259695974659736,0.26877949164802883,0.8,1.1805791952374205,50
