Learner g,Learner m,Score,Control Group,In-sample-norm.,DGP,level,Tuned,Coverage,CI Length,Bias,Uniform Coverage,Uniform CI Length,Loss g_control,Loss g_treated,Loss m,repetition
LGBM Regr.,LGBM Clas.,observational,never_treated,True,1,0.9,False,0.9433333333333332,1.0881198449012723,0.25682450851563937,0.945,1.3552240711392805,3.597108107523503,2.9403917178509804,0.8534357674606872,200
LGBM Regr.,LGBM Clas.,observational,never_treated,True,1,0.9,True,0.8966666666666667,0.5957046590186345,0.14226747638646786,0.915,0.7443420810052485,3.29374008288805,2.748707897836178,0.679591632802887,200
LGBM Regr.,LGBM Clas.,observational,never_treated,True,1,0.95,False,0.9716666666666667,1.2965747662437588,0.25682450851563937,0.96,1.5447661653225075,3.597108107523503,2.9403917178509804,0.8534357674606872,200
LGBM Regr.,LGBM Clas.,observational,never_treated,True,1,0.95,True,0.9533333333333333,0.7098258823571802,0.14226747638646786,0.955,0.8483239350473682,3.29374008288805,2.748707897836178,0.679591632802887,200
LGBM Regr.,LGBM Clas.,observational,never_treated,True,4,0.9,False,0.9183333333333333,1.4966364514582033,0.3513992824628867,0.94,1.8382232879162173,2.979241703960451,2.9994404795169123,0.8446712058892714,200
LGBM Regr.,LGBM Clas.,observational,never_treated,True,4,0.9,True,0.6516666666666667,0.787550236381641,0.30937396820647195,0.6,0.9660154081700578,2.989557883560226,3.044965814893618,0.6749671427573682,200
LGBM Regr.,LGBM Clas.,observational,never_treated,True,4,0.95,False,0.9716666666666667,1.7833523267626594,0.3513992824628867,0.965,2.102235052471558,2.979241703960451,2.9994404795169123,0.8446712058892714,200
LGBM Regr.,LGBM Clas.,observational,never_treated,True,4,0.95,True,0.775,0.9384239874187676,0.30937396820647195,0.705,1.1067012746087066,2.989557883560226,3.044965814893618,0.6749671427573682,200
