Learner g,Learner m,Score,In-sample-norm.,DGP,level,Tuned,Coverage,CI Length,Bias,Uniform Coverage,Uniform CI Length,repetition
LGBM Regr.,LGBM Clas.,observational,True,4,0.9,False,0.9266666666666667,1.3680691335956139,0.2862973732054817,0.9,1.6857878745010273,50
LGBM Regr.,LGBM Clas.,observational,True,4,0.9,True,0.6533333333333333,0.7330060851496288,0.29002355600549995,0.54,0.9000560955775124,50
LGBM Regr.,LGBM Clas.,observational,True,4,0.95,False,0.96,1.630154918512653,0.2862973732054817,0.94,1.9313064378387346,50
LGBM Regr.,LGBM Clas.,observational,True,4,0.95,True,0.74,0.8734306225196768,0.29002355600549995,0.62,1.0346551755913964,50
