Learner g,Learner m,Score,In-sample-norm.,DGP,level,Tuned,Coverage,CI Length,Bias,Uniform Coverage,Uniform CI Length,repetition
LGBM Regr.,LGBM Clas.,observational,True,4,0.9,False,0.92,1.348642264453785,0.3052825096979891,0.92,2.098844496580318,50
LGBM Regr.,LGBM Clas.,observational,True,4,0.9,True,0.7533333333333333,0.7307170319438454,0.25209824311524026,0.58,1.1328574508344817,50
LGBM Regr.,LGBM Clas.,observational,True,4,0.95,False,0.965,1.6070063761582027,0.3052825096979891,0.94,2.299873978116884,50
LGBM Regr.,LGBM Clas.,observational,True,4,0.95,True,0.8483333333333333,0.8707030473917022,0.25209824311524026,0.72,1.2446051133150078,50
