Learner g,Learner m,Score,In-sample-norm.,DGP,level,Tuned,Coverage,CI Length,Bias,Uniform Coverage,Uniform CI Length,repetition
LGBM Regr.,LGBM Clas.,observational,True,1,0.9,False,0.8333333333333333,0.9252764729189984,0.27505916642335154,1.0,1.1910838199026417,2
LGBM Regr.,LGBM Clas.,observational,True,1,0.9,True,0.8333333333333333,0.6185581636672488,0.18895139098415115,0.5,0.7900541517154416,2
LGBM Regr.,LGBM Clas.,observational,True,1,0.95,False,1.0,1.10253492040176,0.27505916642335154,1.0,1.328849771012091,2
LGBM Regr.,LGBM Clas.,observational,True,1,0.95,True,0.8333333333333333,0.7370575127575214,0.18895139098415115,0.5,0.8906147435536307,2
