Learner g,Learner m,Score,In-sample-norm.,DGP,level,Tuned,Coverage,CI Length,Bias,Uniform Coverage,Uniform CI Length,repetition
LGBM Regr.,LGBM Clas.,observational,True,4,0.9,False,0.9133333333333333,1.3059006382995975,0.28281151638077767,0.92,1.8076721639449533,50
LGBM Regr.,LGBM Clas.,observational,True,4,0.9,True,0.6933333333333332,0.6935329291378785,0.27189850445260494,0.6,0.9561393211979365,50
LGBM Regr.,LGBM Clas.,observational,True,4,0.95,False,0.9633333333333333,1.5560765873124054,0.28281151638077767,0.96,2.0177850919183284,50
LGBM Regr.,LGBM Clas.,observational,True,4,0.95,True,0.7766666666666667,0.8263954560638327,0.27189850445260494,0.7,1.0722540700492953,50
