Learner g,Learner m,level,Coverage,CI Length,Bias,Uniform Coverage,Uniform CI Length,repetition
LGBM,LGBM,0.9,0.694,0.42514371296714487,0.15523026748372817,0.953,0.9991019141230858,1000
LGBM,LGBM,0.95,0.775,0.5065899798109038,0.15523026748372817,0.955,0.9994456036482492,1000
LGBM,Lasso,0.9,0.8586666666666666,0.6309690380685457,0.17068031304763037,1.0,1.4834269690149875,1000
LGBM,Lasso,0.95,0.9153333333333333,0.7518459817401837,0.17068031304763037,0.998,1.4857363367985323,1000
Lasso,LGBM,0.9,0.033333333333333326,0.5039828586868691,0.6915874651279188,0.009,1.1844079148312503,1000
Lasso,LGBM,0.95,0.056666666666666664,0.6005326161954867,0.6915874651279188,0.013,1.1844261861006267,1000
Lasso,Lasso,0.9,0.9116666666666666,0.3672698862053673,0.08452872727745844,0.999,0.861811460445299,1000
Lasso,Lasso,0.95,0.9576666666666667,0.43762906180458633,0.08452872727745844,1.0,0.8638737943195437,1000
