Learner g,Learner m,level,Coverage,CI Length,Bias,Uniform Coverage,Uniform CI Length,repetition
Lasso,Lasso,0.9,0.9116666666666666,0.3672698862053673,0.8932380143455564,0.999,0.861811460445299,1000
Lasso,Lasso,0.95,0.9576666666666667,0.43762906180458633,0.8932380143455564,1.0,0.8638737943195437,1000
Lasso,Random Forest,0.9,0.7333333333333334,0.405144282416991,0.928872291292097,0.987,0.9521777378945933,1000
Lasso,Random Forest,0.95,0.82,0.48275918845820426,0.928872291292097,0.986,0.9521824317038768,1000
Random Forest,Lasso,0.9,0.891,0.41619253407400203,0.8923133279463799,0.998,0.9785555071619407,1000
Random Forest,Lasso,0.95,0.9376666666666666,0.49592399229549755,0.8923133279463799,0.997,0.9799137704245877,1000
Random Forest,Random Forest,0.9,0.9013333333333333,0.3754118926940051,0.8944463521120497,0.999,0.8824121913318215,1000
Random Forest,Random Forest,0.95,0.9483333333333334,0.4473308609301399,0.8944463521120497,0.998,0.8825544463077846,1000
